,open,high,close
0,73.5,74.04,73.86
1,73.09,73.39,73.3
2,72.8,73.45,73.35
3,72.24,73.27,72.78
4,71.5,72.0399,71.77
5,70.69,71.28,71.15
6,70.0,70.68,69.99
7,69.46,70.25,69.98
8,68.7,69.84,69.46
9,68.27,68.78,68.57
10,68.255,69.44,69.08
11,69.33,69.6,68.17
12,68.78,69.38,68.93
13,69.38,69.49,68.49
14,69.21,69.841,69.8
15,70.11,70.18,69.21
16,71.4,71.71,70.53
17,70.09,71.25,71.21
18,70.54,70.59,70.26
19,70.21,70.62,70.27
20,70.82,70.87,69.91
21,70.5,70.94,70.87
22,69.73,70.03,70.0
23,69.27,70.21,69.9
24,70.91,71.1,70.27
25,70.02,70.82,70.65
26,69.25,69.94,69.78
27,72.035,72.08,70.32
28,72.51,72.52,71.95
29,72.635,72.77,72.39
30,72.3,72.62,72.52
31,71.97,72.89,72.28
32,70.44,71.86,71.76
33,70.24,70.61,70.1
34,70.53,70.74,69.84
35,69.79,70.41,70.41
36,69.8,70.22,69.96
37,68.97,69.88,69.62
38,68.87,68.88,68.77
39,68.72,68.75,68.68
40,67.89,68.5,68.45
41,67.5,68.095,67.69
42,67.4,68.13,67.71
43,68.89,69.1,67.48
44,68.23,69.44,69.41
45,68.14,68.48,68.43
46,68.61,68.61,68.38
47,68.36,68.73,68.46
48,68.99,69.56,69.31
49,68.86,69.28,69.04
50,68.97,69.05,68.94
51,68.9,69.03,69.0
52,69.03,69.08,68.81
53,69.38,69.38,69.08
54,69.71,69.71,69.3
55,68.68,69.55,69.41
56,68.91,69.14,68.46
57,68.15,68.38,68.27
58,68.08,68.31,67.83
59,67.9,68.04,67.92
60,67.48,67.66,67.53
61,65.67,66.7,66.4
62,65.46,65.75,65.5
63,65.65,65.75,65.04
64,65.33,65.71,65.39
65,65.04,65.49,65.48
66,65.29,65.86,64.95
67,65.42,65.51,65.23
68,65.6,65.61,65.48
69,65.61,65.82,65.53
70,65.85,65.96,65.68
71,65.6,66.055,65.73
72,66.3,66.35,65.56
73,65.39,65.81,65.73
74,65.81,65.94,65.55
75,65.65,66.19,65.86
76,65.42,65.98,65.71
77,65.12,65.5,65.47
78,64.96,65.47,65.29
79,64.63,65.22,65.1
80,65.36,65.45,64.98
81,64.94,65.24,64.87
82,64.12,65.14,65.03
83,65.19,65.5,64.21
84,64.91,65.18,64.93
85,64.91,65.24,64.87
86,64.75,64.76,64.64
87,64.55,64.92,64.75
88,64.53,64.55,64.41
89,65.01,65.19,64.71
90,65.11,65.26,64.93
91,65.19,65.2,64.73
92,64.26,65.08,64.99
93,64.19,64.78,64.4
94,63.97,64.56,64.27
95,63.99,64.28,64.25
96,64.69,64.75,64.01
97,64.13,64.99,64.94
98,64.08,64.2,63.98
99,64.54,64.54,64.23
100,64.53,64.8,64.62
101,64.42,64.73,64.62
102,64.33,64.39,64.36
103,64.61,64.95,64.49
104,64.47,64.69,64.62
105,64.74,65.24,64.52
106,64.5,64.57,64.53
107,64.41,64.72,64.57
108,64.24,64.86,64.72
109,64.25,64.3,64.0
110,63.52,64.44,64.06
111,63.57,63.81,63.34
112,63.74,63.78,63.43
113,63.5,63.65,63.64
114,63.5,63.7,63.68
115,63.25,63.41,63.17
116,64.355,64.62,63.58
117,64.86,65.15,64.65
118,65.69,65.79,65.13
119,65.39,65.91,65.78
120,64.12,64.535,64.27
121,63.95,64.1,63.68
122,63.2,63.735,63.52
123,62.7,63.1159,62.96
124,62.67,62.82,62.74
125,62.24,62.98,62.3
126,62.67,62.7,62.5
127,62.68,62.7,62.53
128,62.62,62.865,62.7
129,63.06,63.4,62.61
130,62.61,63.23,63.19
131,62.73,63.07,62.62
132,62.76,63.08,62.64
133,62.3,63.15,62.84
134,62.19,62.66,62.3
135,62.48,62.75,62.3
136,62.79,62.84,62.58
137,62.96,62.99,62.14
138,62.86,63.2,62.9
139,63.4,63.4,62.99
140,63.21,64.07,63.28
141,63.45,63.54,63.24
142,63.84,64.1,63.55
143,63.43,63.7,63.54
144,63.69,63.8,63.54
145,62.56,63.77,63.62
146,62.95,62.95,62.3
147,62.7,63.1535,62.58
148,63.0,63.45,62.68
149,62.5,63.42,62.98
150,61.82,62.3,62.17
151,61.18,61.99,61.97
152,61.3,61.58,61.01
153,60.01,61.38,61.37
154,60.43,60.46,59.95
155,59.7,60.585,60.22
156,59.08,59.47,59.25
157,60.11,60.15,59.2
158,60.86,61.18,60.26
159,60.65,61.41,61.09
160,60.34,61.02,60.61
161,60.3,60.53,60.53
162,61.01,61.1,60.4
163,60.98,61.26,61.12
164,60.5,60.97,60.86
165,60.78,61.14,60.35
166,60.41,60.95,60.64
167,58.94,59.66,59.65
168,58.33,59.49,58.87
169,59.02,59.08,58.12
170,58.23,59.116,59.02
171,60.48,60.49,58.7
172,60.0,60.59,60.17
173,60.55,60.78,60.47
174,59.78,60.52,60.42
175,58.65,59.28,58.71
176,59.53,59.64,59.21
177,59.82,59.93,59.43
178,59.97,60.02,59.8
179,60.16,60.42,59.92
180,60.01,60.52,59.87
181,60.61,60.83,60.1
182,60.81,61.2,60.63
183,60.85,61.3699,60.99
184,59.94,61.0,61.0
185,60.28,60.45,59.66
186,57.5,57.52,57.25
187,57.47,57.84,57.53
188,57.53,57.945,57.66
189,57.36,57.46,57.22
190,57.12,57.74,57.42
191,56.7,57.3,56.92
192,57.11,57.27,57.11
193,57.89,58.02,57.19
194,57.91,58.39,58.04
195,57.85,57.98,57.8
196,57.74,57.86,57.74
197,57.29,57.9601,57.64
198,57.27,57.595,57.24
199,57.405,57.55,57.42
200,57.57,57.77,57.6
201,57.81,58.1679,57.4
202,57.88,58.06,58.03
203,56.93,58.06,57.95
204,57.08,57.14,56.9
205,57.87,57.91,57.43
206,57.92,58.0,57.82
207,57.51,57.85,57.76
208,57.35,57.35,56.81
209,57.27,57.75,56.93
210,57.63,57.63,57.25
211,56.15,57.35,57.19
212,56.39,56.63,56.26
213,56.5,56.65,56.53
214,56.0,57.205,57.05
215,56.79,57.52,56.21
216,57.63,57.79,57.43
217,57.47,57.84,57.66
218,57.78,57.8,57.61
219,57.67,58.19,57.67
220,57.01,57.82,57.59
221,57.65,57.8,57.46
222,57.98,58.19,57.89
223,58.18,58.6,58.1
224,58.28,58.7,58.03
225,57.88,58.29,58.17
226,57.8,58.04,57.95
227,57.9,58.18,57.89
228,57.6,57.75,57.67
229,57.43,57.73,57.62
230,57.42,57.7,57.6
231,57.54,57.68,57.56
232,57.61,57.62,57.44
233,58.01,58.5,58.12
234,58.03,58.19,57.94
235,58.03,58.45,58.3
236,58.16,58.32,58.02
237,58.17,58.5,58.2
238,58.055,58.085,58.06
239,57.65,58.21,57.96
240,56.8,57.5193,57.39
241,56.68,57.11,56.97
242,56.85,56.9,56.58
243,56.6,56.75,56.58
244,56.26,56.76,56.68
245,56.0,56.37,56.21
246,56.61,56.8,56.19
247,56.52,57.29,56.76
248,56.47,56.74,56.73
249,56.08,56.6275,56.57
250,55.98,56.23,55.8
251,56.15,56.84,55.91
252,53.71,53.9,53.09
253,53.7,54.34,53.96
254,53.95,54.0,53.7
255,53.84,53.99,53.74
256,53.56,53.86,53.51
257,52.94,53.4,53.21
258,52.5,52.83,52.59
259,51.73,52.36,52.3
260,51.42,51.61,51.38
261,50.78,51.54,51.38
262,50.83,51.28,51.17
263,51.13,51.72,51.16
264,50.72,51.3,51.17
265,49.91,50.72,50.54
266,48.92,49.47,49.44
267,49.1,49.1466,48.43
268,49.81,50.94,49.83
269,51.28,52.06,51.91
270,51.08,51.46,50.99
271,50.2,51.43,51.19
272,50.64,50.83,50.07
273,50.41,50.43,50.13
274,49.52,50.47,50.39
275,49.78,50.12,49.69
276,49.9,50.1,49.83
277,49.58,50.715,50.14
278,51.05,52.05,51.48
279,52.0,52.0,51.62
280,52.02,52.44,52.04
281,52.24,52.73,52.1
282,51.99,52.35,52.13
283,52.38,52.42,51.79
284,52.64,52.74,52.48
285,52.44,52.95,52.85
286,52.26,53.0,53.0
287,51.92,52.32,52.32
288,51.93,51.9793,51.89
289,51.92,52.49,52.12
290,50.7,51.71,51.59
291,50.6,50.68,50.03
292,50.48,51.22,50.62
293,50.47,50.62,50.32
294,50.48,51.14,50.81
295,51.72,51.73,50.51
296,50.8,51.96,51.83
297,51.44,51.895,51.08
298,51.2,51.81,51.51
299,51.13,51.78,51.05
300,50.33,51.1,51.02
301,50.49,50.585,50.07
302,49.92,50.39,50.39
303,49.87,50.3,49.94
304,49.84,50.06,49.87
305,50.34,50.41,49.78
306,50.0,50.75,50.61
307,49.35,50.25,49.87
308,50.62,50.77,49.9
309,51.48,51.5,50.94
310,52.26,52.35,51.44
311,51.78,52.13,52.11
312,51.91,52.4297,51.78
313,55.8,56.23,55.78
314,56.29,56.5,55.59
315,56.63,56.77,56.39
316,55.49,56.59,56.46
317,55.3,55.92,55.65
318,55.22,55.575,55.36
319,55.12,55.4375,55.35
320,54.37,54.78,54.65
321,54.49,55.15,54.31
322,54.67,55.28,54.42
323,54.87,54.91,54.46
324,54.36,55.2,55.12
325,55.19,55.3,54.56
326,55.43,55.66,55.43
327,55.05,55.61,55.57
328,54.95,55.59,55.23
329,54.93,55.64,55.05
330,53.66,54.86,54.71
331,54.21,54.29,53.54
332,53.84,54.33,54.21
333,54.11,54.24,53.97
334,53.61,54.25,54.07
335,53.25,53.9298,53.86
336,54.92,54.97,53.49
337,54.21,55.0,54.66
338,53.45,54.6,54.35
339,52.75,53.59,53.59
340,52.71,53.59,53.17
341,53.0,53.07,53.07
342,52.93,52.94,52.05
343,51.89,52.85,52.84
344,50.8,52.13,51.65
345,51.56,51.8,51.03
346,52.4,52.45,52.03
347,52.97,52.97,52.35
348,52.41,52.96,52.95
349,50.97,52.59,52.58
350,51.35,51.65,50.88
351,52.6,52.68,51.3
352,51.73,52.1,52.1
353,50.69,51.5,51.36
354,52.34,52.37,51.18
355,52.28,53.0,52.65
356,51.97,52.28,51.82
357,52.33,52.95,52.19
358,51.49,52.77,52.42
359,50.9,51.09,51.09
360,50.25,50.68,50.5
361,48.68,50.11,49.69
362,49.89,50.39,49.71
363,49.02,50.24,49.28
364,49.55,49.57,49.41
365,51.94,52.0,50.16
366,52.1,52.81,52.0
367,53.25,53.39,52.16
368,54.17,54.26,53.0
369,54.88,55.09,54.71
370,54.73,55.09,55.09
371,51.86,52.21,52.055
372,52.01,52.2,51.22
373,51.79,52.44,52.17
374,51.94,52.65,51.79
375,51.41,52.33,52.29
376,51.0,51.58,50.48
377,49.98,51.38,50.79
378,51.48,51.68,50.56
379,51.31,51.97,50.99
380,52.0,53.4163,53.11
381,53.8,54.07,51.64
382,52.76,53.1,52.78
383,52.51,52.85,52.3
384,52.37,53.28,52.33
385,52.7,53.485,52.17
386,54.32,54.4001,54.05
387,54.93,55.39,55.05
388,54.32,54.8,54.8
389,56.04,56.19,55.48
390,56.47,56.78,56.31
391,56.29,56.85,56.55
392,55.35,55.95,55.95
393,55.86,55.96,55.67
394,55.7,55.88,55.82
395,54.99,55.48,55.35
396,54.88,55.35,54.83
397,55.77,56.0,54.13
398,56.36,56.79,55.7
399,55.54,56.245,56.13
400,55.66,55.9,55.2
401,54.33,55.21,55.14
402,54.71,55.1,54.06
403,55.39,55.655,55.27
404,55.37,55.87,54.98
405,55.47,56.1,55.79
406,55.79,55.97,55.81
407,54.12,56.23,55.91
408,55.49,55.77,54.2
409,55.32,55.96,55.21
410,54.41,55.23,55.22
411,54.54,54.96,54.35
412,53.8,54.08,53.93
413,54.09,54.23,53.69
414,53.92,54.44,54.25
415,54.25,54.46,54.19
416,54.25,54.3,54.19
417,53.99,54.66,53.94
418,53.0,53.98,53.85
419,53.17,53.53,52.97
420,53.08,53.89,53.765
421,53.07,53.29,52.84
422,53.48,53.9791,53.32
423,53.7,54.2,53.65
424,54.07,54.13,53.51
425,54.55,54.87,54.16
426,54.085,54.98,54.92
427,54.49,54.7,54.38
428,54.18,54.88,54.4
429,52.93,54.39,54.15
430,52.85,53.36,53.24
431,53.32,53.99,52.64
432,53.54,53.83,53.36
433,53.54,53.98,53.98
434,53.99,54.37,53.69
435,52.53,54.32,54.25
436,52.3,54.07,52.87
437,47.53,48.95,48.03
438,47.92,47.99,47.2
439,47.44,47.81,47.77
440,47.42,47.88,47.62
441,47.02,47.54,47.51
442,47.01,47.03,47.01
443,46.65,47.1,46.68
444,46.56,47.1299,46.89
445,46.98,47.07,47.0
446,47.45,47.54,47.11
447,46.56,47.515,47.45
448,47.1,47.35,46.8
449,46.33,47.175,46.75
450,45.745,46.89,46.63
451,44.27,45.57,45.57
452,44.75,44.75,44.61
453,43.88,44.3,44.2
454,43.37,43.57,43.44
455,43.83,44.085,43.29
456,44.48,44.73,43.94
457,43.45,44.13,43.91
458,43.93,44.17,43.87
459,43.38,44.05,43.9
460,43.62,44.47,44.11
461,43.5,43.99,43.48
462,44.29,45.0,44.25
463,43.97,44.38,44.3
464,43.19,44.29,43.98
465,43.43,43.44,43.04
466,43.14,43.59,43.48
467,43.12,43.79,43.29
468,44.21,44.4,43.07
469,43.3,44.0,43.89
470,42.81,43.04,42.61
471,43.41,43.98,43.5
472,42.24,43.38,43.36
473,42.23,42.59,41.82
474,43.74,43.93,43.52
475,43.47,44.15,43.93
476,43.14,43.95,43.9
477,42.01,42.84,42.71
478,42.565,43.24,40.47
479,40.45,43.31,41.68
480,45.3,45.48,43.07
481,46.07,46.47,45.66
482,46.78,47.08,46.61
483,46.84,47.43,47.27
484,46.81,47.45,47.32
485,46.53,47.1,47.0
486,47.06,47.1,46.73
487,46.19,46.9,46.74
488,46.82,46.94,46.41
489,46.95,47.49,47.33
490,46.39,46.78,46.74
491,47.71,47.77,46.62
492,47.98,48.41,47.58
493,46.75,47.71,47.54
494,46.98,47.0,46.81
495,47.29,47.37,46.7
496,46.26,47.4,46.88
497,45.4,46.78,46.29
498,45.58,45.639,45.34
499,45.94,46.01,45.35
500,45.91,46.32,45.94
501,45.27,46.23,46.11
502,45.44,46.93,45.54
503,46.78,47.33,47.28
504,46.65,47.13,46.92
505,46.55,46.78,46.62
506,46.01,46.69,46.66
507,45.68,45.89,45.76
508,45.45,45.96,45.62
509,44.975,45.62,45.54
510,45.01,45.14,44.61
511,44.75,45.22,44.52
512,44.44,44.9,44.24
513,44.34,44.49,44.3
514,43.96,44.48,44.39
515,44.48,44.75,44.4
516,44.46,45.23,44.445
517,44.71,44.72,44.15
518,45.04,45.23,44.37
519,45.65,46.28,45.26
520,46.03,46.06,45.65
521,45.67,46.245,45.635
522,46.13,46.28,45.91
523,46.33,46.72,46.23
524,46.79,46.825,46.1
525,46.22,46.8,46.72
526,45.73,46.07,45.97
527,45.35,46.24,45.83
528,45.45,45.65,45.475
529,46.22,46.47,45.97
530,46.66,46.92,46.44
531,45.79,46.83,46.61
532,45.76,45.94,45.65
533,46.3,46.43,45.73
534,46.31,46.52,46.14
535,46.79,47.16,46.36
536,47.37,47.735,46.85
537,46.93,47.35,46.92
538,47.06,47.77,47.23
539,47.43,47.57,46.86
540,47.5,48.02,47.45
541,46.82,47.77,47.61
542,46.83,46.88,46.59
543,47.3,47.35,46.9
544,47.28,47.6,47.42
545,47.39,47.93,47.58
546,47.56,47.81,47.58
547,47.98,48.22,48.01
548,48.87,48.905,48.295
549,48.0301,48.82,48.72
550,48.19,48.32,47.625
551,46.85,47.68,47.35
552,47.55,47.91,47.37
553,47.55,47.98,47.75
554,46.27,47.085,46.7
555,47.57,47.77,46.28
556,47.82,48.16,47.6
557,48.37,48.87,48.24
558,48.58,48.875,48.655
559,48.7,49.54,48.64
560,48.72,49.31,49.06
561,47.78,49.21,49.155
562,47.23,48.13,48.03
563,45.66,48.14,47.87
564,42.89,43.61,43.34
565,42.67,43.13,42.985
566,43.0,43.15,42.635
567,41.73,43.17,42.905
568,41.67,41.74,41.615
569,41.95,42.34,42.16
570,41.76,42.46,42.255
571,41.8,42.03,41.65
572,41.4,42.06,41.76
573,41.63,41.95,41.72
574,41.25,41.62,41.48
575,41.46,41.69,41.42
576,41.61,41.91,41.53
577,40.34,41.78,41.545
578,40.66,40.74,40.29
579,40.6,40.76,40.72
580,40.78,41.03,40.655
581,41.1,41.54,40.96
582,41.12,41.43,40.97
583,41.22,41.61,41.21
584,42.92,42.925,41.46
585,42.78,43.17,42.9
586,42.88,43.13,42.855
587,42.56,42.98,42.88
588,42.26,42.59,42.285
589,41.43,42.83,42.5
590,41.37,41.83,41.695
591,41.47,41.64,41.56
592,40.7,41.47,41.38
593,41.33,41.65,41.02
594,42.31,42.37,41.98
595,42.35,42.71,42.03
596,42.19,43.125,42.85
597,43.0,43.11,42.36
598,43.07,43.24,43.11
599,43.01,43.21,43.055
600,43.56,43.825,43.28
601,43.67,44.19,43.88
602,44.13,44.2,43.85
603,43.99,44.23,44.055
604,43.95,44.09,43.99
605,44.15,44.3,44.09
606,43.7,44.19,44.15
607,43.51,43.88,43.855
608,43.18,43.5263,43.5
609,43.63,43.7,43.53
610,43.97,44.0,43.58
611,43.38,43.87,43.87
612,42.66,43.09,43.09
613,42.65,42.65,42.38
614,42.74,42.77,42.6
615,42.24,42.74,42.36
616,42.68,42.79,42.41
617,42.22,42.64,42.45
618,41.94,42.21,41.84
619,41.63,41.93,41.6
620,40.59,41.37,41.28
621,41.55,41.58,40.4
622,40.93,42.12,42.01
623,42.74,42.79,41.19
624,42.95,43.2,42.66
625,47.0,47.1339,47.01
626,47.36,47.39,47.18
627,46.38,47.135,47.13
628,45.94,46.14,45.92
629,46.3,46.65,46.39
630,45.31,46.28,46.24
631,46.22,46.38,45.48
632,45.96,46.24,45.955
633,46.97,47.91,46.355
634,47.42,47.54,46.6
635,47.61,47.82,47.19
636,46.75,47.7499,47.59
637,45.98,46.46,46.23
638,46.38,46.749,45.65
639,46.37,46.73,46.325
640,46.66,47.42,46.76
641,46.73,47.44,46.45
642,47.44,47.62,47.02
643,47.7,47.78,47.45
644,48.41,48.41,47.88
645,48.64,48.64,48.14
646,48.37,48.8,48.45
647,47.78,48.12,47.98
648,47.63,48.1,47.66
649,46.58,47.52,47.52
650,45.05,45.945,45.74
651,45.9,46.34,45.16
652,47.2,47.67,46.67
653,46.78,47.73,46.95
654,47.08,47.74,47.17
655,47.58,47.66,46.9
656,47.11,47.92,47.59
657,48.26,48.35,47.695
658,48.82,48.97,48.42
659,48.39,49.06,48.84
660,48.44,48.5,48.08
661,48.84,49.05,48.46
662,47.88,48.78,48.62
663,47.95,48.195,47.81
664,47.49,47.99,47.75
665,47.66,47.97,47.47
666,47.99,48.0,47.59
667,49.02,49.05,47.98
668,48.0,48.7,48.7
669,48.66,48.7549,48.22
670,49.13,49.325,48.74
671,49.41,49.705,49.46
672,49.74,50.045,49.58
673,48.81,49.645,49.61
674,48.56,48.92,48.78
675,48.85,48.93,48.87
676,48.65,49.15,48.89
677,48.92,48.92,48.68
678,47.86,48.86,48.7
679,47.8,47.9,47.86
680,47.301,47.73,47.57
681,46.89,47.46,47.44
682,46.94,46.97,46.95
683,46.32,46.32,46.05
684,46.44,46.7,46.62
685,45.86,46.5,46.49
686,45.71,46.1,45.91
687,46.83,46.9,46.13
688,44.62,45.445,45.02
689,45.0,45.07,44.38
690,44.36,44.975,44.88
691,43.06,44.14,44.08
692,43.2,43.935,43.63
693,42.53,43.08,42.74
694,43.0,43.39,43.22
695,43.87,44.38,43.73
696,43.82,44.56,43.65
697,45.6,46.12,44.03
698,46.5,46.8,45.85
699,45.48,46.89,46.78
700,45.86,45.93,45.53
701,46.12,46.3,46.09
702,45.98,46.3,46.09
703,45.83,46.1,45.76
704,46.27,46.53,45.9
705,46.37,46.4763,46.36
706,45.98,46.56,46.44
707,45.93,46.62,46.41
708,46.88,47.09,46.04
709,46.63,47.11,47.08
710,46.85,46.98,46.56
711,47.3,47.38,47.06
712,46.81,47.57,47.52
713,46.59,46.83,46.68
714,46.26,46.69,46.52
715,46.39,46.85,46.76
716,46.54,46.71,46.24
717,46.91,47.02,46.695
718,46.74,47.0,47.0
719,46.8201,46.94,46.84
720,46.47,46.97,46.76
721,46.02,46.8,46.47
722,45.11,45.93,45.91
723,44.74,45.27,45.26
724,44.53,45.11,44.96
725,45.43,45.46,45.09
726,45.09,45.44,45.43
727,44.75,44.98,44.88
728,44.9,45.0,44.87
729,45.31,45.395,45.005
730,45.4,45.44,45.17
731,45.35,45.47,45.15
732,44.84,45.25,45.22
733,45.34,45.4,44.95
734,44.97,45.34,45.33
735,44.94,45.11,45.11
736,44.58,44.895,44.79
737,44.08,44.417,44.27
738,43.68,44.18,44.08
739,43.04,43.59,43.52
740,43.26,43.45,43.2
741,43.23,43.315,43.2
742,42.84,43.45,43.23
743,42.74,43.17,42.74
744,43.31,43.46,43.08
745,42.97,43.47,43.37
746,43.21,43.25,42.86
747,43.38,43.69,43.16
748,44.07,44.1,43.5785
749,43.91,44.09,43.885
750,44.36,44.51,43.97
751,44.3,44.66,44.5
752,44.93,45.0,44.4
753,45.45,45.45,44.87
754,45.0,45.15,44.83
755,44.56,45.16,44.835
756,44.65,44.84,44.69
757,45.45,45.71,44.53
758,42.51,44.31,44.08
759,42.33,42.47,42.45
760,42.22,42.45,42.14
761,41.7,42.09,42.09
762,41.37,42.0,41.685
763,41.98,41.99,41.67
764,41.87,42.0,41.78
765,41.75,42.12,41.99
766,41.91,41.99,41.8
767,41.73,41.9,41.9
768,41.86,42.15,41.87
769,42.17,42.21,41.7
770,41.61,42.29,42.25
771,41.93,41.94,41.72
772,41.7,42.05,42.03
773,41.83,41.94,41.745
774,41.73,42.0,41.99
775,41.445,41.83,41.68
776,41.57,41.77,41.51
777,41.605,41.74,41.65
778,41.29,41.91,41.68
779,41.04,41.61,41.5
780,41.1,41.565,41.23
781,40.81,40.88,40.58
782,40.93,41.07,40.86
783,41.03,41.16,41.11
784,41.39,41.48,41.27
785,41.48,41.66,41.48
786,40.59,41.25,41.21
787,40.21,40.37,40.32
788,40.6,40.68,40.29
789,40.95,41.09,40.79
790,40.45,40.97,40.94
791,40.15,40.35,40.34
792,40.14,40.19,40.01
793,40.26,40.26,40.19
794,40.37,40.37,40.12
795,40.29,40.35,40.1
796,39.8,40.35,40.35
797,39.68,39.94,39.68
798,39.61,39.82,39.75
799,39.67,39.84,39.83
800,40.09,40.4,39.6
801,40.3,40.45,40.24
802,39.92,40.5,40.42
803,39.74,40.02,39.97
804,39.54,39.85,39.54
805,39.34,39.9,39.64
806,39.22,39.51,39.425
807,39.29,39.35,39.06
808,39.52,39.6399,39.43
809,40.31,40.34,39.69
810,40.2401,40.36,40.0
811,40.4,40.5,40.4
812,41.1,41.19,40.51
813,40.14,41.29,40.87
814,40.29,40.68,39.91
815,39.74,39.97,39.86
816,39.99,39.99,39.69
817,39.96,40.14,39.99
818,40.13,40.15,39.94
819,40.01,40.195,40.01
820,40.06,40.415,40.4
821,39.34,39.96,39.75
822,39.11,39.41,39.18
823,39.0,39.79,39.209
824,40.44,40.69,39.36
825,39.93,40.55,40.47
826,39.75,39.93,39.82
827,39.96,40.27,39.8
828,41.25,41.39,39.87
829,41.29,41.29,41.01
830,41.44,41.66,41.35
831,41.15,41.59,41.42
832,40.43,41.5,40.99
833,39.79,40.635,40.3
834,39.74,39.97,39.36
835,40.48,40.705,39.79
836,40.66,40.99,40.34
837,40.34,40.64,40.5
838,40.72,40.94,40.16
839,39.25,40.649,40.33
840,39.47,39.55,39.27
841,38.26,39.9,39.55
842,37.9,38.41,38.05
843,37.651,38.135,37.7
844,38.42,38.45,37.89
845,37.8,38.43,38.27
846,37.87,38.23,38.02
847,37.99,38.01,37.82
848,38.28,38.36,37.9
849,38.14,38.24,38.15
850,38.25,38.2699,38.11
851,38.2,38.48,38.41
852,37.92,38.13,37.78
853,37.98,38.46,38.31
854,37.45,37.89,37.86
855,37.5801,37.74,37.47
856,37.61,37.85,37.54
857,37.69,37.975,37.69
858,37.94,38.35,37.98
859,37.57,37.87,37.75
860,37.22,37.75,37.51
861,37.63,37.78,37.42
862,37.39,37.78,37.62
863,37.33,37.86,37.61
864,37.35,37.6,37.47
865,36.88,37.26,37.175
866,36.63,36.8,36.8
867,36.32,36.59,36.56
868,35.8,36.25,36.18
869,36.29,36.47,35.82
870,36.97,37.189,36.35
871,37.74,37.985,36.48
872,36.95,37.89,37.84
873,36.79,36.88,36.86
874,35.98,36.88,36.66
875,36.12,36.39,36.27
876,36.87,36.89,36.03
877,37.45,37.55,36.805
878,36.09,36.13,36.055
879,36.26,36.32,35.93
880,36.82,36.82,36.17
881,36.83,36.83,36.38
882,36.69,37.0,36.89
883,35.9,36.79,36.76
884,34.73,35.88,35.78
885,35.99,36.02,34.98
886,35.9,36.15,36.04
887,35.88,35.91,35.53
888,36.0,36.14,35.76
889,36.325,36.49,36.41
890,36.85,36.89,36.13
891,37.2,37.22,36.91
892,37.35,37.4,37.16
893,37.4,37.58,37.41
894,37.22,37.38,37.29
895,37.58,37.62,37.29
896,37.2,37.49,37.44
897,36.72,37.17,37.08
898,36.81,36.89,36.62
899,36.2,36.93,36.8
900,36.51,36.55,36.25
901,36.3601,36.6,36.58
902,36.94,37.11,36.52
903,36.73,37.0,36.885
904,37.42,37.45,36.69
905,37.64,37.64,37.22
906,38.06,38.3,37.61
907,38.61,38.9,38.11
908,38.56,38.87,38.705
909,38.42,38.55,38.36
910,38.85,38.875,38.0
911,38.21,38.98,38.94
912,38.14,38.49,38.31
913,38.09,38.78,38.45
914,37.82,38.29,38.13
915,37.57,37.76,37.6
916,37.57,37.65,37.35
917,37.93,37.95,37.64
918,37.525,37.68,37.57
919,37.27,37.53,37.4
920,36.87,37.41,37.08
921,36.85,37.23,36.74
922,37.35,37.58,37.2
923,37.95,38.02,37.841
924,37.87,38.13,38.021
925,36.98,38.16,38.155
926,37.38,37.595,37.36
927,37.69,37.775,37.59
928,37.67,37.78,37.78
929,37.96,38.01,37.5
930,37.24,38.22,38.18
931,35.7899,36.71,36.64
932,35.59,35.98,35.94
933,35.67,35.69,35.525
934,35.66,35.69,35.405
935,35.53,35.79,35.54
936,35.6301,35.72,35.52
937,35.61,35.73,35.57
938,35.88,36.29,35.73
939,33.82,34.1,33.72
940,34.35,34.49,33.76
941,35.02,35.1,34.58
942,34.98,35.2,34.99
943,34.82,34.99,34.96
944,34.45,34.99,34.92
945,34.6,34.895,34.64
946,34.67,34.99,34.49
947,33.9,34.5,34.45
948,33.68,34.14,34.13
949,33.31,33.89,33.76
950,33.07,33.3499,33.07
951,33.31,33.33,33.01
952,33.6,33.71,33.3
953,33.69,33.99,33.88
954,33.88,34.0,33.86
955,33.36,34.03,33.92
956,33.35,33.61,33.58
957,33.0,33.31,33.28
958,32.88,33.75,33.27
959,32.64,33.0,32.77
960,32.49,32.8,32.505
961,32.87,32.87,32.455
962,32.5401,32.969,32.74
963,33.41,33.48,32.791
964,33.48,33.68,33.64
965,32.99,33.4,33.32
966,33.42,33.47,32.93
967,33.38,33.5,32.801
968,32.77,33.07,33.03
969,32.72,32.78,32.69
970,32.57,32.93,32.74
971,31.9,32.4,32.39
972,31.2208,31.79,31.655
973,31.31,31.39,31.152
974,31.1,31.44,31.235
975,31.39,31.47,31.195
976,31.75,32.07,31.88
977,33.37,33.48,33.4
978,32.93,33.6,33.55
979,33.39,33.6,33.02
980,33.515,34.1,33.26
981,34.4,34.67,34.15
982,35.17,35.2,34.75
983,32.185,32.49,32.39
984,31.61,32.01,31.61
985,31.44,31.9,31.62
986,31.76,31.97,31.393
987,31.79,31.99,31.8
988,32.0,32.18,31.79
989,32.14,33.36,32.35
990,32.51,32.55,32.23
991,32.46,32.97,32.87
992,32.77,32.9,32.7
993,32.24,33.07,32.89
994,31.54,32.1,32.063
995,31.55,31.67,31.58
996,31.9,32.0,31.7
997,31.69,31.9,31.89
998,32.06,32.09,31.67
999,31.97,32.05,31.84
1000,31.78,32.12,31.85
1001,31.47,31.6,31.54
1002,31.26,31.62,31.62
1003,31.62,31.65,31.39
1004,32.035,32.19,31.96
1005,31.91,32.04,31.82
1006,31.7,32.01,32.01
1007,32.4,32.67,31.4
1008,35.72,35.89,35.44
1009,36.34,36.39,35.74
1010,36.01,36.4299,36.27
1011,35.66,36.22,36.17
1012,35.58,35.73,35.67
1013,35.0,35.77,35.685
1014,34.34,34.81,34.7
1015,34.58,34.6,34.35
1016,34.35,34.59,34.325
1017,34.09,34.24,34.21
1018,33.66,34.37,34.01
1019,34.41,34.4389,33.94
1020,34.75,34.99,34.36
1021,34.38,34.79,34.545
1022,34.52,34.78,34.62
1023,34.12,34.48,34.35
1024,34.08,34.38,33.67
1025,32.94,34.2,33.715
1026,33.66,33.73,33.265
1027,34.26,34.33,33.49
1028,34.96,35.09,34.59
1029,34.97,35.17,34.98
1030,34.69,35.16,35.0
1031,34.55,34.6901,34.4
1032,34.99,35.02,34.715
1033,35.14,35.27,35.0
1034,35.05,35.18,34.84
1035,35.51,35.65,35.47
1036,35.25,35.78,35.67
1037,34.84,35.11,34.96
1038,34.6,34.89,34.78
1039,35.62,35.74,34.99
1040,34.92,35.63,35.59
1041,34.82,35.28,34.9
1042,34.85,35.25,35.03
1043,34.74,35.02,34.88
1044,34.42,35.18,35.02
1045,33.92,34.28,34.269
1046,34.23,34.55,34.15
1047,34.79,34.84,34.61
1048,35.1,35.2725,34.85
1049,34.73,35.095,35.08
1050,34.1301,34.87,34.87
1051,33.64,34.15,34.08
1052,33.45,33.9,33.845
1053,32.8601,33.53,33.53
1054,32.61,33.07,33.03
1055,32.67,32.72,32.69
1056,32.85,33.0,32.66
1057,33.0667,33.24,32.99
1058,33.65,33.79,33.31
1059,33.42,33.91,33.75
1060,33.23,33.52,33.49
1061,32.63,33.17,33.16
1062,32.93,33.08,32.72
1063,32.56,33.11,33.1
1064,31.8,32.68,32.61
1065,31.9,31.98,31.79
1066,31.71,32.84,31.94
1067,30.62,31.92,31.76
1068,30.7,30.9,30.6
1069,30.3,31.18,30.83
1070,29.62,30.24,29.765
1071,28.95,28.98,28.79
1072,28.85,29.04,28.825
1073,28.9,29.14,28.97
1074,28.65,28.98,28.69
1075,28.85,29.02,28.79
1076,29.1,29.2,28.935
1077,29.57,30.32,30.28
1078,28.73,29.815,29.61
1079,28.73,28.73,28.59
1080,28.22,28.78,28.7
1081,28.39,28.61,28.595
1082,28.75,28.95,28.56
1083,28.59,28.85,28.8
1084,28.64,28.66,28.61
1085,28.32,28.66,28.605
1086,28.14,28.445,28.37
1087,28.24,28.34,28.155
1088,28.3,28.35,28.16
1089,28.19,28.3379,28.25
1090,28.11,28.36,28.11
1091,28.34,28.49,28.315
1092,28.12,28.22,28.18
1093,27.88,28.28,28.1
1094,28.03,28.16,28.035
1095,28.0,28.16,28.135
1096,27.87,28.02,27.915
1097,27.84,27.95,27.91
1098,27.94,27.97,27.87
1099,28.25,28.33,28.0
1100,28.11,28.28,28.14
1101,28.21,28.23,28.09
1102,28.29,28.54,28.35
1103,27.85,28.15,28.15
1104,27.72,27.98,27.95
1105,27.88,27.97,27.8
1106,27.42,28.0,27.81
1107,27.38,27.6,27.37
1108,27.97,28.05,27.37
1109,27.68,27.76,27.76
1110,27.74,27.74,27.49
1111,28.13,28.2,27.87
1112,27.8801,28.09,28.045
1113,28.04,28.16,28.01
1114,27.92,28.06,28.04
1115,27.93,28.11,28.03
1116,27.88,28.0,27.88
1117,27.65,27.92,27.86
1118,27.35,27.71,27.55
1119,27.35,27.39,27.283
1120,27.3799,27.54,27.34
1121,27.62,27.66,27.495
1122,27.87,28.02,27.44
1123,27.67,28.05,27.93
1124,27.79,27.97,27.45
1125,28.01,28.19,27.85
1126,27.82,28.13,28.01
1127,28.01,28.225,27.911
1128,27.58,28.23,27.88
1129,27.7,28.07,27.63
1130,27.2,27.635,27.61
1131,27.3,27.45,27.15
1132,27.1,27.29,27.25
1133,27.19,27.47,27.25
1134,27.15,27.23,27.04
1135,26.83,27.29,27.21
1136,26.9,27.08,26.89
1137,26.49,26.93,26.83
1138,26.65,26.98,26.46
1139,26.72,26.75,26.7
1140,26.75,26.79,26.55
1141,26.77,26.88,26.69
1142,27.27,27.34,26.74
1143,27.63,27.65,27.25
1144,27.25,27.73,27.62
1145,26.59,26.77,26.7097
1146,26.71,26.9,26.55
1147,26.89,27.09,26.96
1148,27.03,27.2,26.86
1149,27.2,27.25,27.06
1150,27.45,27.49,27.45
1151,27.36,27.68,27.68
1152,27.69,27.73,27.31
1153,27.25,27.63,27.56
1154,26.79,27.215,27.095
1155,27.11,27.13,26.81
1156,27.32,27.52,27.11
1157,27.53,27.62,27.24
1158,27.05,27.49,27.32
1159,26.56,26.97,26.94
1160,26.82,26.82,26.455
1161,26.81,26.98,26.725
1162,26.38,26.93,26.67
1163,26.5,26.63,26.37
1164,26.78,26.82,26.4294
1165,27.05,27.13,26.615
1166,27.11,27.36,26.95
1167,27.01,27.39,27.36
1168,27.3599,27.38,27.08
1169,27.54,27.58,27.385
1170,27.23,27.77,27.7
1171,26.71,27.1666,26.95
1172,26.76,26.8,26.71
1173,26.8,26.8,26.7277
1174,26.67,26.7,26.5209
1175,26.88,26.97,26.6607
1176,27.24,27.29,26.84
1177,27.02,27.3,27.0895
1178,28.94,29.01,28.22
1179,28.88,29.19,28.83
1180,29.12,29.37,28.81
1181,29.53,29.825,29.08
1182,29.82,30.2,29.86
1183,29.62,29.74,29.63
1184,29.59,29.77,29.4998
1185,28.84,29.56,29.515
1186,28.55,28.88,28.54
1187,27.86,28.34,28.21
1188,28.19,28.2,27.88
1189,28.16,28.2,27.9019
1190,27.765,28.2,28.047
1191,28.73,28.83,28.0
1192,29.05,29.08,28.64
1193,29.65,29.73,29.495
1194,29.3,29.64,29.59
1195,29.45,29.74,29.49
1196,29.37,29.72,29.51
1197,28.97,29.32,29.2
1198,29.215,29.25,28.95
1199,29.15,29.31,28.98
1200,29.68,29.74,29.28
1201,29.64,29.92,29.78
1202,30.23,30.25,29.85
1203,29.955,30.03,30.03
1204,29.75,29.99,29.86
1205,29.68,29.89,29.66
1206,29.81,29.98,29.49
1207,30.18,30.26,29.76
1208,30.17,30.4,30.16
1209,30.28,30.6,30.165
1210,30.95,31.0,30.39
1211,31.0,31.07,30.78
1212,31.43,31.61,31.19
1213,30.95,31.48,31.45
1214,31.09,31.19,31.052
1215,31.1,31.21,31.175
1216,31.19,31.26,31.21
1217,31.01,31.25,31.21
1218,30.89,31.18,30.935
1219,30.94,31.18,30.78
1220,30.69,30.91,30.79
1221,30.83,30.9,30.72
1222,31.04,31.07,30.95
1223,30.5,31.36,31.345
1224,30.22,30.53,30.39
1225,30.45,30.66,30.385
1226,30.6,30.96,30.82
1227,30.53,30.61,30.32
1228,30.6518,30.75,30.65
1229,30.7,30.8,30.63
1230,30.93,30.96,30.69
1231,30.25,30.63,30.56
1232,30.39,30.4,30.255
1233,30.59,30.76,30.54
1234,30.76,30.96,30.8
1235,30.82,30.85,30.74
1236,30.92,30.92,30.9
1237,30.3605,30.94,30.78
1238,30.11,30.28,30.2
1239,30.3,30.39,30.13
1240,30.35,30.46,30.39
1241,30.5,30.62,30.42
1242,30.39,30.65,30.5
1243,30.21,30.47,30.33
1244,30.07,30.35,30.26
1245,30.0,30.11,29.95
1246,29.53,29.94,29.75
1247,29.21,29.525,29.19
1248,29.59,29.65,29.41
1249,29.48,29.71,29.47
1250,29.75,29.82,29.64
1251,29.48,29.85,29.755
1252,29.23,29.5,29.16
1253,29.24,29.33,28.83
1254,29.2401,29.36,29.15
1255,29.57,29.58,29.28
1256,31.0,31.05,30.115
1257,30.51,30.8,30.665
1258,29.6,30.45,30.45
1259,29.64,29.86,29.66
1260,29.48,29.53,29.44
1261,28.76,29.48,29.39
1262,29.15,29.18,28.63
1263,29.71,29.735,29.3
1264,30.08,30.22,29.74
1265,30.12,30.23,30.0
1266,30.61,30.7,30.185
1267,30.59,30.78,30.7
1268,30.23,30.76,30.76
1269,30.62,30.62,30.56
1270,30.45,30.69,30.59
1271,29.98,30.05,29.91
1272,30.19,30.5,30.17
1273,30.0,30.27,30.02
1274,30.3001,30.32,29.865
1275,30.3,30.73,30.7
1276,30.96,31.14,30.135
1277,30.93,31.05,30.93
1278,30.19,31.11,30.7
1279,29.99,30.03,29.84
1280,29.59,30.08,30.02
1281,29.33,29.46,29.34
1282,29.22,29.44,29.13
1283,29.1,29.3,29.29
1284,29.73,29.81,28.895
1285,29.21,29.68,29.65
1286,29.64,29.7,29.23
1287,28.88,29.37,29.35
1288,28.51,28.75,28.505
1289,28.62,28.78,28.55
1290,28.76,28.96,28.45
1291,29.3,29.42,29.19
1292,29.35,29.479,29.34
1293,29.38,29.72,29.56
1294,29.2,29.36,29.06
1295,29.16,29.3,29.07
1296,29.35,29.4,29.11
1297,29.69,29.88,29.76
1298,29.1,29.79,29.75
1299,29.79,29.81,29.27
1300,29.99,30.2084,29.72
1301,30.31,30.32,29.9
1302,30.64,30.795,30.21
1303,30.82,31.04,30.68
1304,30.69,31.54,31.16
1305,30.86,31.02,30.74
1306,30.19,30.83,30.76
1307,30.48,30.78,30.5
1308,30.7,30.86,30.65
1309,31.45,31.57,30.98
1310,31.88,31.9,31.76
1311,31.85,31.925,31.8
1312,32.05,32.335,32.01
1313,31.98,32.11,32.015
1314,32.12,32.22,31.98
1315,32.12,32.23,32.11
1316,31.92,32.32,32.2
1317,32.21,32.52,31.92
1318,32.31,32.5,32.12
1319,32.15,32.89,32.42
1320,31.13,31.68,31.01
1321,31.28,31.31,31.14
1322,31.27,31.61,31.44
1323,30.99,31.19,31.075
1324,30.89,31.16,30.81
1325,30.48,31.04,30.975
1326,30.43,30.53,30.345
1327,31.06,31.19,30.47
1328,31.22,31.4,31.1
1329,31.15,31.63,31.52
1330,31.66,31.69,31.21
1331,32.16,32.19,31.94
1332,32.22,32.46,32.29
1333,32.4,32.41,32.255
1334,32.06,32.19,32.12
1335,32.52,32.7,32.19
1336,32.65,32.7,32.52
1337,32.19,32.61,32.59
1338,32.1,32.11,32.01
1339,31.81,32.09,31.995
1340,31.96,32.15,31.91
1341,32.1,32.15,31.99
1342,32.535,32.61,32.2
1343,32.91,32.95,32.6
1344,32.79,32.94,32.85
1345,32.53,32.88,32.77
1346,32.24,32.69,32.67
1347,31.97,32.2,32.04
1348,32.1,32.16,31.99
1349,32.04,32.21,32.01
1350,31.67,31.92,31.84
1351,31.54,31.98,31.555
1352,32.01,32.05,31.8
1353,32.31,32.44,32.075
1354,31.93,32.39,32.29
1355,31.885,32.0,31.74
1356,31.41,31.93,31.87
1357,31.24,31.5,31.35
1358,31.48,31.5,31.48
1359,31.2,31.59,31.37
1360,31.45,31.68,31.27
1361,31.18,31.61,31.44
1362,31.2,31.32,31.25
1363,30.31,31.55,31.285
1364,30.3301,30.39,30.05
1365,30.33,30.46,30.25
1366,30.63,30.77,30.58
1367,30.64,30.8,30.495
1368,30.68,30.8,30.77
1369,30.26,30.67,30.66
1370,30.15,30.485,30.35
1371,30.04,30.22,30.2
1372,30.1401,30.4,30.24
1373,29.9,30.17,29.95
1374,29.79,30.05,29.89
1375,29.66,29.7,29.53
1376,28.97,29.62,29.61
1377,29.45,29.53,29.23
1378,29.61,29.7,29.5
1379,29.07,29.65,29.56
1380,29.47,29.5703,29.34
1381,29.55,29.95,29.73
1382,28.82,29.74,29.71
1383,28.16,28.435,28.12
1384,28.31,28.4,28.23
1385,28.4,28.65,28.255
1386,27.93,28.25,28.25
1387,27.87,28.02,28.0
1388,27.43,27.98,27.72
1389,27.93,28.15,27.84
1390,28.05,28.1,27.74
1391,27.53,28.19,28.105
1392,27.38,27.728,27.68
1393,26.8199,27.47,27.4
1394,26.55,26.96,26.765
1395,26.0,26.12,25.96
1396,25.95,26.05,26.02
1397,26.11,26.15,25.82
1398,25.96,26.14,26.04
1399,25.9101,26.04,26.03
1400,25.82,25.86,25.81
1401,26.01,26.19,25.76
1402,25.86,26.1,26.025
1403,26.02,26.12,25.53
1404,25.67,26.17,26.0
1405,25.72,25.88,25.56
1406,25.72,25.86,25.59
1407,25.75,26.1,25.76
1408,25.41,25.57,25.51
1409,25.52,25.87,25.7
1410,25.48,25.72,25.4
1411,25.67,25.76,25.6
1412,25.81,25.87,25.66
1413,25.78,25.8,25.7
1414,25.59,25.62,25.22
1415,25.56,25.63,25.28
1416,25.3701,25.585,25.58
1417,24.82,25.04,24.84
1418,24.94,24.97,24.87
1419,24.38,24.67,24.3
1420,24.61,24.79,24.47
1421,24.89,24.96,24.79
1422,25.24,25.25,25.0
1423,25.48,25.5,25.3
1424,26.01,26.04,25.54
1425,26.47,26.51,26.07
1426,26.56,26.94,26.74
1427,26.8799,27.0,26.76
1428,26.5799,27.075,26.91
1429,26.47,26.5,26.28
1430,26.59,26.75,26.2
1431,27.01,27.2,27.16
1432,26.21,26.82,26.8
1433,26.38,26.4,26.25
1434,26.24,26.585,26.53
1435,26.1,26.2,26.01
1436,26.19,26.32,25.99
1437,26.755,27.0,26.63
1438,27.14,27.19,26.98
1439,27.13,27.4,27.25
1440,27.03,27.06,26.59
1441,27.08,27.23,26.81
1442,27.06,27.4,27.19
1443,27.15,27.19,27.16
1444,27.26,27.34,27.04
1445,27.37,27.47,27.13
1446,26.94,27.4,27.31
1447,27.1139,27.42,26.98
1448,27.31,27.5,27.27
1449,26.76,27.2,27.18
1450,27.18,27.31,26.96
1451,26.86,27.07,27.0
1452,26.58,26.97,26.94
1453,26.34,26.51,26.25
1454,25.9,26.4,26.34
1455,25.42,26.16,25.89
1456,24.3,25.39,25.34
1457,24.72,25.335,24.53
1458,25.2,25.5,24.89
1459,25.98,26.17,25.45
1460,25.93,26.37,25.575
1461,25.66,25.92,25.67
1462,25.19,25.52,25.44
1463,24.9,25.15,25.06
1464,25.3,25.65,25.06
1465,27.05,27.06,25.99
1466,27.31,27.5,26.98
1467,26.8,27.31,27.21
1468,27.05,27.27,27.12
1469,26.73,27.03,26.99
1470,26.17,26.8,26.5
1471,25.92,26.185,26.04
1472,25.605,25.93,25.89
1473,26.0,26.18,25.74
1474,26.0,26.66,26.22
1475,25.69,26.0,26.0
1476,25.2,25.59,25.51
1477,25.78,26.0,25.8
1478,26.46,26.86,26.21
1479,26.29,26.71,26.6
1480,25.73,26.43,26.23
1481,25.53,25.86,25.84
1482,24.51,25.34,25.25
1483,25.08,25.16,24.57
1484,24.65,24.93,24.9
1485,24.03,24.75,24.72
1486,24.42,24.49,23.98
1487,24.41,24.62,24.05
1488,24.57,25.09,24.67
1489,25.25,25.7,25.245
1490,25.215,25.59,25.35
1491,25.24,25.58,25.51
1492,25.13,25.335,25.1
1493,24.5,25.38,25.19
1494,24.95,25.09,24.2
1495,24.71,25.62,25.58
1496,25.02,25.6,24.48
1497,25.97,26.1,25.68
1498,26.53,26.87,25.94
1499,26.83,27.0,26.92
1500,26.98,27.45,26.8
1501,27.51,27.685,27.27
1502,27.52,27.71,27.4
1503,27.29,28.07,27.72
1504,27.88,27.985,27.33
1505,27.82,28.145,28.08
1506,27.26,28.09,27.91
1507,26.86,27.55,27.53
1508,27.04,27.31,27.095
1509,27.28,27.35,27.06
1510,26.81,27.64,27.54
1511,26.63,26.9,26.59
1512,26.47,26.9295,26.78
1513,26.62,27.01,26.47
1514,26.6,26.96,26.63
1515,26.55,26.79,26.54
1516,26.62,26.8,26.63
1517,26.54,26.98,26.92
1518,26.49,26.88,26.77
1519,25.97,26.37,26.33
1520,26.1,26.15,26.03
1521,25.93,26.17,26.02
1522,25.74,26.0,26.0
1523,25.71,25.71,25.62
1524,25.3,25.92,25.8
1525,24.23,25.46,25.2
1526,24.51,24.54,24.3
1527,24.44,24.65,24.63
1528,24.6,24.81,24.65
1529,24.52,24.86,24.76
1530,24.17,24.66,24.47
1531,24.22,24.3,24.26
1532,23.75,24.1,23.995
1533,24.0,24.01,23.74
1534,24.3,24.45,24.22
1535,23.79,24.19,24.04
1536,24.02,24.02,23.705
1537,24.01,24.04,23.96
1538,23.9,24.02,23.94
1539,24.09,24.17,24.06
1540,24.05,24.25,24.01
1541,24.05,24.14,23.905
1542,24.49,24.65,24.22
1543,24.99,25.1,24.43
1544,24.96,25.06,25.01
1545,24.68,24.9,24.76
1546,24.35,25.03,24.67
1547,24.17,24.31,24.19
1548,24.2,24.29,24.15
1549,24.21,24.25,24.17
1550,24.72,24.87,24.49
1551,24.85,24.88,24.715
1552,24.53,24.74,24.69
1553,24.395,24.7,24.52
1554,24.96,25.07,24.57
1555,25.28,25.32,25.03
1556,25.35,25.39,25.32
1557,25.65,25.66,25.36
1558,25.38,25.85,25.67
1559,25.8,25.96,25.83
1560,26.07,26.22,25.87
1561,26.05,26.08,25.79
1562,25.85,26.25,26.06
1563,25.6,25.85,25.81
1564,25.94,26.0,25.66
1565,26.55,26.64,25.92
1566,26.46,26.87,26.71
1567,26.3,26.39,26.38
1568,25.74,26.44,26.19
1569,25.56,25.62,25.61
1570,25.79,25.89,25.52
1571,25.54,26.0,25.76
1572,25.0,25.169,25.15
1573,25.1,25.28,25.08
1574,25.46,25.56,25.37
1575,25.42,25.44,25.42
1576,25.65,25.87,25.63
1577,25.83,25.85,25.64
1578,26.19,26.25,25.98
1579,26.17,26.28,26.07
1580,26.1876,26.26,26.2
1581,25.98,26.31,26.15
1582,25.82,26.18,25.78
1583,25.45,25.66,25.55
1584,25.53,25.53,25.48
1585,25.6,25.68,25.39
1586,25.6,25.72,25.61
1587,25.34,25.52,25.49
1588,25.66,25.72,25.41
1589,25.93,25.95,25.62
1590,25.6,25.87,25.81
1591,25.23,25.61,25.54
1592,25.3,25.46,25.295
1593,25.18,25.58,25.33
1594,25.06,25.18,24.8
1595,25.06,25.22,24.78
1596,25.22,25.28,24.79
1597,25.08,25.47,25.39
1598,25.49,25.76,25.69
1599,25.41,25.85,25.68
1600,25.62,25.71,25.41
1601,25.81,25.98,25.89
1602,25.77,26.02,25.91
1603,26.13,26.27,25.72
1604,26.22,26.24,25.9525
1605,26.26,26.4,26.2
1606,26.11,26.37,26.0775
1607,26.6,26.78,26.16
1608,26.69,26.86,26.58
1609,26.91,26.95,26.55
1610,26.64,27.06,26.77
1611,26.53,26.86,26.59
1612,26.78,27.1,26.59
1613,27.13,27.21,27.06
1614,26.97,27.37,27.21
1615,27.05,27.07,27.02
1616,27.04,27.33,26.96
1617,27.205,27.27,27.23
1618,27.76,27.8099,27.25
1619,27.93,27.94,27.5
1620,28.19,28.26,27.97
1621,28.1,28.34,28.2825
1622,27.8,28.34,28.1975
1623,27.7,27.84,27.77
1624,27.965,27.97,27.65
1625,27.93,28.11,27.94
1626,27.8,28.06,27.9925
1627,27.77,27.9,27.725
1628,28.895,28.93,27.751
1629,28.75,29.46,28.87
1630,28.51,28.99,28.78
1631,28.14,28.45,28.45
1632,28.02,28.56,28.38
1633,28.4,28.43,28.02
1634,28.5,28.55,28.3525
1635,28.46,28.68,28.47
1636,28.16,28.74,28.66
1637,28.08,28.38,28.3
1638,28.33,28.39,28.19
1639,28.12,28.59,28.55
1640,28.2,28.25,28.11
1641,28.26,28.4,28.22
1642,28.64,28.74,28.6
1643,28.04,28.85,28.82
1644,27.9,28.01,28.0
1645,27.94,28.17,28.0875
1646,28.05,28.18,27.98
1647,27.8,27.92,27.91
1648,27.92,28.0,27.85
1649,27.94,28.12,27.97
1650,27.97,28.17,28.01
1651,28.12,28.2,28.07
1652,27.97,28.32,28.3
1653,28.01,28.4,28.1875
1654,27.85,28.14,28.07
1655,27.95,27.99,27.81
1656,27.92,28.09,27.9025
1657,27.76,27.99,27.9875
1658,27.53,27.99,27.85
1659,27.31,27.75,27.62
1660,27.27,27.45,27.245
1661,27.19,27.4,27.34
1662,27.28,27.34,27.08
1663,26.83,27.24,27.23
1664,27.08,27.13,26.87
1665,26.93,26.98,26.84
1666,26.81,27.06,27.02
1667,26.24,26.98,26.89
1668,25.57,26.25,26.04
1669,25.05,25.47,25.2575
1670,25.19,25.42,25.31
1671,25.21,25.41,25.25
1672,25.2,25.46,25.37
1673,25.57,25.6,25.12
1674,25.65,25.74,25.73
1675,25.8,25.83,25.69
1676,25.71,26.08,25.8375
1677,25.9,25.91,25.57
1678,26.04,26.04,25.81
1679,26.33,26.5,26.2
1680,26.47,26.52,26.27
1681,26.68,26.72,26.68
1682,27.01,27.08,26.94
1683,26.81,27.11,26.95
1684,26.68,27.05,26.81
1685,27.17,27.19,26.85
1686,27.41,27.43,27.14
1687,27.33,27.49,27.03
1688,27.06,27.42,27.39
1689,26.88,27.22,26.95
1690,27.15,27.2,26.665
1691,26.21,26.38,26.28
1692,25.79,26.11,26.05
1693,25.12,25.97,25.9
1694,25.24,25.3493,25.19
1695,25.4,25.54,25.3775
1696,25.45,25.54,25.42
1697,25.26,25.4,25.31
1698,25.27,25.37,25.1
1699,25.59,25.95,25.82
1700,25.36,25.55,25.54
1701,25.29,25.34,25.23
1702,25.02,25.54,25.34
1703,24.65,24.93,24.83
1704,24.74,24.74,24.59
1705,24.62,24.65,24.57
1706,24.62,24.75,24.53
1707,24.32,24.54,24.43
1708,23.91,24.45,24.35
1709,23.96,23.99,23.91
1710,24.49,24.82,24.38
1711,24.61,24.83,24.49
1712,24.63,24.66,24.5
1713,24.8,24.9,24.6775
1714,24.84,24.99,24.7325
1715,24.64,24.8,24.775
1716,24.51,24.59,24.43
1717,24.89,24.97,24.61
1718,25.42,25.42,25.15
1719,25.28,25.52,25.43
1720,25.4,25.53,25.22
1721,25.06,25.37,25.33
1722,25.1,25.22,25.115
1723,25.04,25.35,25.03
1724,24.2,25.29,25.11
1725,23.98,24.03,23.85
1726,24.19,24.21,24.01
1727,24.07,24.2,23.93
1728,24.1,24.3,23.96
1729,24.24,24.45,24.29
1730,23.88,23.9499,23.94
1731,23.67,23.95,23.9
1732,23.6,23.73,23.465
1733,23.74,23.82,23.64
1734,23.88,24.02,23.93
1735,24.09,24.19,23.82
1736,24.0,24.22,24.1
1737,24.09,24.35,24.04
1738,24.44,24.6403,24.28
1739,24.31,24.4,24.23
1740,24.62,24.74,24.44
1741,24.68,24.95,24.82
1742,24.71,24.96,24.71
1743,24.36,24.61,24.5
1744,24.35,24.67,24.4
1745,24.42,24.6825,24.49
1746,24.68,24.9,24.86
1747,25.33,25.34,25.07
1748,25.55,25.73,25.61
1749,25.18,25.56,25.55
1750,25.49,25.58,25.37
1751,26.15,26.24,25.73
1752,26.2,26.35,26.16
1753,25.99,26.38,26.33
1754,25.75,25.84,25.81
1755,26.13,26.41,26.03
1756,26.07,26.19,25.95
1757,26.14,26.24,26.16
1758,25.86,26.2,26.1
1759,25.84,26.02,25.81
1760,25.51,25.99,25.84
1761,25.6,25.65,25.12
1762,24.86,25.48,25.48
1763,24.96,25.3,25.23
1764,25.51,25.64,24.89
1765,25.5,25.59,25.51
1766,25.5,25.61,25.44
1767,25.14,25.3,25.13
1768,24.43,24.89,24.83
1769,24.33,24.41,24.27
1770,24.6,24.62,24.4095
1771,23.82,24.32,24.3
1772,23.7,24.09,23.82
1773,23.36,23.48,23.27
1774,23.09,23.32,23.16
1775,23.3,23.68,23.01
1776,24.13,24.2,23.31
1777,24.51,24.61,24.31
1778,25.05,25.11,24.5325
1779,25.46,25.72,25.0
1780,25.78,25.78,25.308
1781,26.16,26.45,25.77
1782,26.78,26.89,25.95
1783,26.37,26.53,26.44
1784,26.56,26.67,26.37
1785,26.47,26.58,26.32
1786,25.75,26.65,26.5825
1787,25.86,25.96,25.495
1788,25.04,25.72,25.66
1789,25.13,25.15,25.0
1790,25.22,25.52,24.79
1791,25.25,25.26,25.11
1792,25.82,25.83,25.29
1793,26.1,26.57,25.79
1794,26.55,26.93,26.86
1795,26.06,26.48,26.46
1796,25.53,26.31,25.89
1797,25.84,26.12,25.8
1798,25.73,26.36,26.0
1799,26.23,26.605,25.01
1800,25.65,26.33,26.07
1801,26.85,26.86,26.27
1802,26.63,27.11,26.84
1803,27.65,27.84,27.11
1804,28.52,28.69,28.24
1805,28.87,29.0,28.5975
1806,29.12,29.23,28.94
1807,29.2,29.21,28.93
1808,29.26,29.73,29.24
1809,28.98,29.58,29.44
1810,28.68,29.65,28.88
1811,29.01,29.48,28.94
1812,28.93,28.95,28.21
1813,29.59,29.88,28.98
1814,29.77,30.09,29.85
1815,30.52,30.55,30.13
1816,30.67,31.0606,30.86
1817,31.07,31.08,30.535
1818,30.93,31.4333,31.003
1819,30.92,31.0,30.91
1820,30.95,31.25,30.845
1821,31.0,31.275,31.11
1822,31.12,31.58,30.96
1823,31.04,31.53,31.39
1824,31.33,31.5,31.332
1825,31.22,31.44,31.36
1826,30.77,31.25,31.039
1827,30.79,30.98,30.67
1828,30.82,30.95,30.87
1829,30.79,31.0,30.82
1830,30.15,30.5,30.45
1831,30.25,30.49,30.32
1832,29.95,30.41,30.34
1833,29.32,29.975,29.92
1834,29.16,29.56,29.35
1835,29.15,29.58,29.32
1836,29.13,29.425,29.27
1837,29.35,29.54,29.16
1838,29.64,29.72,29.2875
1839,29.63,29.86,29.77
1840,29.71,29.82,29.59
1841,30.09,30.2,29.66
1842,29.86,30.57,30.01
1843,29.72,29.85,29.65
1844,29.59,29.9,29.88
1845,29.5,29.7,29.6
1846,29.76,29.9,29.59
1847,29.6275,29.72,29.61
1848,29.5,29.87,29.63
1849,29.42,29.49,29.37
1850,29.18,29.37,29.29
1851,29.32,29.38,29.27
1852,28.89,29.19,29.18
1853,28.86,29.11,28.97
1854,28.56,29.11,28.8
1855,28.52,28.93,28.63
1856,28.66,28.68,28.5875
1857,28.46,28.65,28.63
1858,28.51,28.61,28.46
1859,29.08,29.3,28.46
1860,28.77,29.05,29.02
1861,28.65,28.85,28.67
1862,28.27,28.65,28.6
1863,28.52,28.79,28.63
1864,28.68,28.83,28.33
1865,28.84,28.94,28.73
1866,28.79,28.92,28.77
1867,28.59,29.03,28.969
1868,28.53,28.65,28.59
1869,28.13,28.37,28.35
1870,27.81,28.06,27.93
1871,27.93,28.4,28.12
1872,28.03,28.24,27.99
1873,27.97,28.34,28.01
1874,28.01,28.08,27.72
1875,28.0,28.28,28.02
1876,28.38,28.5,27.84
1877,28.26,28.79,28.63
1878,28.37,28.5,28.46
1879,28.39,28.48,28.41
1880,29.9,29.92,28.18
1881,29.84,29.87,29.16
1882,29.35,29.82,29.67
1883,29.2,29.85,29.5
1884,29.24,29.66,29.32
1885,30.0,30.2,28.96
1886,30.61,30.72,30.01
1887,30.81,30.94,30.585
1888,30.75,31.24,31.1
1889,31.08,31.24,30.86
1890,30.31,31.1,30.96
1891,30.26,30.52,30.35
1892,30.15,30.4,30.07
1893,30.71,30.76,30.27
1894,30.28,30.88,30.66
1895,30.63,30.7,30.452
1896,30.88,31.08,30.77
1897,30.85,31.1,30.96
1898,30.62,31.1,30.95
1899,30.9799,30.99,30.48
1900,31.15,31.29,30.96
1901,31.35,31.5,31.39
1902,31.0,31.18,31.17
1903,30.88,31.0,31.0
1904,30.71,30.95,30.92
1905,30.6,30.93,30.82
1906,30.4,30.84,30.52
1907,29.84,30.45,30.36
1908,29.95,29.96,29.6
1909,30.07,30.41,30.1
1910,29.89,30.21,30.02
1911,29.91,30.16,30.11
1912,29.97,30.0,29.85
1913,29.71,29.96,29.87
1914,29.47,29.81,29.71
1915,29.52,29.74,29.57
1916,29.78,30.08,29.79
1917,30.05,30.37,29.98
1918,29.84,30.2,29.83
1919,29.9,29.99,29.78
1920,29.52,30.05,30.01
1921,29.15,29.45,29.41
1922,29.11,29.39,29.22
1923,29.81,29.86,29.79
1924,29.95,29.99,29.91
1925,29.84,30.01,29.94
1926,29.66,29.77,29.62
1927,29.99,30.0,29.78
1928,30.0,30.14,30.11
1929,29.5,30.0,30.0
1930,29.61,29.8,29.54
1931,29.47,29.79,29.63
1932,29.01,29.49,29.36
1933,29.08,29.3,29.12
1934,28.9,29.28,29.01
1935,28.62,29.0,28.99
1936,28.38,28.63,28.52
1937,28.52,28.74,28.47
1938,27.69,28.39,28.06
1939,27.64,27.74,27.53
1940,27.7,28.05,27.88
1941,28.03,28.4,27.73
1942,28.07,28.41,28.22
1943,28.24,28.77,28.02
1944,28.73,28.88,28.59
1945,28.125,29.02,28.68
1946,29.2,29.35,28.02
1947,26.56,26.72,26.59
1948,26.46,26.75,26.58
1949,26.42,26.51,26.37
1950,26.49,26.58,26.36
1951,26.45,26.63,26.5
1952,25.9,26.71,26.71
1953,26.14,26.2,25.96
1954,25.59,25.94,25.81
1955,25.66,25.89,25.72
1956,25.57,25.79,25.55
1957,25.44,25.9,25.67
1958,24.99,25.18,25.1
1959,24.68,25.21,25.11
1960,24.98,25.06,24.64
1961,24.455,25.09,24.96
1962,25.405,25.47,24.88
1963,25.76,25.99,25.72
1964,25.91,25.96,25.75
1965,25.6,26.16,25.83
1966,25.69,25.82,25.55
1967,25.92,26.11,25.94
1968,25.92,26.25,25.71
1969,25.4,25.82,25.77
1970,25.11,25.37,25.3
1971,25.46,25.48,25.26
1972,25.06,25.38,25.3
1973,25.25,25.35,25.2
1974,24.97,25.27,25.2
1975,24.65,25.09,25.0
1976,24.93,25.17,24.86
1977,24.8,25.05,25.0
1978,24.74,24.95,24.78
1979,24.62,24.84,24.82
1980,24.09,24.8001,24.62
1981,23.91,24.14,24.11
1982,23.82,24.14,23.86
1983,24.35,24.74,24.0
1984,24.57,24.85,24.65
1985,25.07,25.49,24.68
1986,24.41,24.78,24.69
1987,24.59,24.75,24.55
1988,24.6,24.82,24.64
1989,24.41,24.7326,24.64
1990,23.93,24.42,24.41
1991,23.6,23.87,23.67
1992,23.25,23.72,23.65
1993,23.29,23.65,23.58
1994,23.32,23.6,23.25
1995,23.66,23.8,23.692
1996,23.63,23.85,23.62
1997,23.13,23.9,23.53
1998,23.32,23.4,23.13
1999,23.46,23.55,23.42
2000,23.75,23.82,23.56
2001,23.93,23.98,23.46
2002,23.84,24.25,23.81
2003,23.68,23.79,23.77
2004,23.82,23.86,23.83
2005,23.77,24.07,23.52
2006,24.2,24.43,23.81
2007,23.73,23.91,23.8
2008,22.99,23.55,23.47
2009,23.44,23.45,23.11
2010,23.61,23.89,23.45
2011,24.93,25.72,25.56
2012,24.64,24.9,24.8
2013,24.69,24.83,24.83
2014,24.44,24.53,24.53
2015,24.4,24.45,24.29
2016,23.93,24.44,24.44
2017,23.75,24.12,24.12
2018,23.2,23.22,23.11
2019,22.42,23.29,23.23
2020,22.19,22.54,22.39
2021,22.65,22.81,22.44
2022,22.31,22.69,22.56
2023,23.08,23.14,22.53
2024,23.21,23.28,23.2
2025,23.76,24.04,23.37
2026,24.05,24.3,24.04
2027,23.97,24.24,23.77
2028,23.6,24.03,23.86
2029,23.57,23.69,23.35
2030,23.43,23.92,23.79
2031,23.45,23.75,23.47
2032,23.38,23.66,23.34
2033,23.95,23.95,23.28
2034,24.04,24.34,24.07
2035,23.62,23.69,23.5
2036,23.5,23.82,23.68
2037,23.47,24.11,23.45
2038,23.23,23.54,23.42
2039,22.9,23.38,23.33
2040,22.59,23.26,22.83
2041,22.17,22.62,22.55
2042,22.06,22.32,22.08
2043,21.98,22.32,22.05
2044,21.96,22.31,22.14
2045,21.77,21.9,21.83
2046,21.31,21.76,21.73
2047,21.36,21.98,21.4
2048,21.0,21.5,21.4
2049,20.56,20.94,20.89
2050,20.32,20.63,20.45
2051,20.25,20.6,20.13
2052,19.54,20.45,20.34
2053,19.93,20.17,19.75
2054,20.14,20.23,19.82
2055,20.41,20.69,20.38
2056,20.51,20.74,20.31
2057,20.36,20.6,20.6
2058,20.13,20.5,20.22
2059,19.83,20.23,20.06
2060,19.9225,20.0,19.75
2061,19.51,20.06,19.89
2062,19.2,19.73,19.32
2063,19.46,19.64,19.42
2064,19.96,19.99,19.32
2065,20.06,20.07,19.79
2066,20.14,20.24,19.79
2067,20.37,20.4,20.19
2068,20.19,20.35,20.24
2069,20.6,21.1,20.26
2070,20.11,20.89,20.25
2071,20.25,20.27,19.93
2072,20.55,20.82,20.4
2073,19.82,21.2,20.91
2074,18.92,18.94,18.92
2075,18.76,19.19,18.78
2076,18.59,19.08,18.97
2077,18.89,18.95,18.61
2078,19.685,19.69,19.2
2079,19.16,19.78,19.76
2080,19.21,19.25,18.83
2081,19.44,19.55,19.35
2082,19.69,19.85,19.59
2083,19.45,19.7,19.67
2084,18.97,19.62,19.19
2085,18.76,19.14,18.76
2086,18.54,18.76,18.76
2087,19.13,19.15,18.75
2088,19.5,19.89,19.29
2089,18.23,19.36,19.31
2090,17.83,18.79,18.37
2091,17.74,17.76,17.48
2092,18.5427,18.615,18.13
2093,18.17,18.88,18.83
2094,17.98,18.31,17.88
2095,18.04,18.2122,17.87
2096,17.37,18.59,18.33
2097,17.32,17.65,17.06
2098,17.37,17.45,17.14
2099,17.03,17.22,16.96
2100,16.3229,16.9,16.9
2101,16.78,16.96,16.25
2102,16.99,17.05,16.65
2103,17.01,17.04,17.01
2104,16.63,17.2,17.11
2105,15.37,16.62,16.48
2106,15.2,15.74,15.15
2107,15.3599,15.62,15.28
2108,15.86,15.88,15.27
2109,16.1,16.4,16.12
2110,16.01,16.24,15.88
2111,16.035,16.25,15.79
2112,16.29,16.52,16.15
2113,17.05,17.08,16.42
2114,17.02,17.24,16.96
2115,17.03,17.35,17.17
2116,18.02,18.15,17.21
2117,17.74,18.19,18.0
2118,18.3,18.38,17.91
2119,18.225,18.45,18.12
2120,18.49,18.5,18.09
2121,19.27,19.47,19.09
2122,18.97,19.32,19.26
2123,18.96,19.49,19.21
2124,19.25,19.8,18.8
2125,19.69,19.77,19.44
2126,19.1,19.93,19.66
2127,18.52,19.14,19.04
2128,18.54,19.0,18.63
2129,17.85,18.61,18.5
2130,17.01,18.13,17.83
2131,17.74,17.79,17.1
2132,17.78,17.96,17.59
2133,17.8,18.31,18.04
2134,17.79,17.97,17.66
2135,17.29,17.81,17.63
2136,16.98,17.49,17.2
2137,18.04,18.18,17.11
2138,18.86,19.45,19.38
2139,19.46,19.62,18.48
2140,19.63,19.91,19.71
2141,19.09,19.3,19.24
2142,19.53,19.68,19.09
2143,19.52,19.99,19.82
2144,19.71,19.79,19.47
2145,20.17,20.3,19.52
2146,19.63,20.19,20.12
2147,20.19,20.29,19.51
2148,20.75,21.0,20.76
2149,20.2,20.67,20.52
2150,19.5328,20.4,20.33
2151,19.31,19.68,19.44
2152,19.01,19.49,19.34
2153,19.15,19.21,18.96
2154,19.2,19.33,19.13
2155,19.26,19.45,19.17
2156,19.28,19.57,19.28
2157,19.24,19.29,19.18
2158,19.69,19.8,19.12
2159,19.86,20.02,19.3
2160,19.81,20.05,19.66
2161,19.21,20.18,20.11
2162,19.34,19.44,19.04
2163,19.15,19.85,19.36
2164,20.11,20.12,19.45
2165,20.82,20.96,20.61
2166,20.62,21.25,20.6
2167,20.35,21.25,21.01
2168,18.91,19.98,19.87
2169,19.4,19.92,19.11
2170,18.65,19.9,19.87
2171,18.99,19.31,19.15
2172,19.875,19.95,18.61
2173,20.23,20.31,20.22
2174,19.73,20.6761,20.49
2175,20.86,20.93,19.99
2176,19.89,20.94,20.69
2177,18.02,19.7,19.68
2178,18.115,18.84,17.53
2179,19.63,19.95,18.29
2180,19.5,19.66,19.62
2181,19.74,20.24,19.32
2182,20.56,21.34,20.06
2183,20.15,21.25,21.25
2184,20.89,21.0,20.3
2185,21.29,21.3,21.2
2186,21.845,21.97,21.3
2187,21.32,21.54,21.5
2188,21.87,22.08,20.88
2189,23.33,23.34,22.08
2190,23.13,23.66,23.53
2191,22.48,22.91,22.62
2192,22.53,22.91,22.33
2193,23.69,23.88,22.63
2194,23.13,23.97,23.0
2195,21.64,23.21,23.1
2196,21.67,21.96,21.18
2197,21.06,22.86,21.96
2198,21.55,22.59,22.32
2199,23.04,23.06,21.53
2200,24.3,25.01,23.36
2201,24.2,24.75,24.72
2202,23.565,25.11,23.93
2203,22.935,24.1902,24.19
2204,23.78,24.25,22.66
2205,25.64,25.73,24.1
2206,22.86,25.5,25.5
2207,21.79,22.35,21.5
2208,23.765,23.91,22.3
2209,22.9,24.3,23.01
2210,24.98,25.21,23.23
2211,25.63,25.99,24.91
2212,26.365,27.47,26.32
2213,26.18,26.53,26.25
2214,26.38,26.99,26.48
2215,25.77,26.6911,26.69
2216,26.94,27.66,25.01
2217,26.17,27.56,27.4
2218,25.82,26.88,26.61
2219,25.58,26.09,25.72
2220,25.66,26.17,25.44
2221,26.22,26.32,25.4
2222,26.37,26.4,25.16
2223,24.8,25.35,25.26
2224,25.73,25.87,24.57
2225,26.09,26.49,25.99
2226,26.92,27.49,26.82
2227,27.14,27.74,27.62
2228,26.1,27.46,27.34
2229,26.52,26.86,26.44
2230,26.2,26.6,26.1
2231,26.21,26.33,26.12
2232,26.03,26.22,25.65
2233,26.695,26.89,26.35
2234,27.01,27.18,26.9
2235,27.665,27.76,27.1
2236,27.68,27.78,27.29
2237,27.61,28.01,27.94
2238,27.34,27.79,27.56
2239,27.58,27.72,27.27
2240,27.61,27.84,27.66
2241,27.23,27.88,27.84
2242,27.1,27.23,27.18
2243,27.535,27.58,27.29
2244,27.54,27.75,27.32
2245,27.78,28.05,27.69
2246,27.98,28.15,27.81
2247,27.82,28.28,27.91
2248,28.07,28.5,27.91
2249,27.78,28.36,28.12
2250,27.86,28.4,27.9
2251,27.35,28.23,28.13
2252,26.9,27.75,27.39
2253,26.73,27.16,27.02
2254,25.67,26.28,26.21
2255,25.36,25.545,25.28
2256,25.95,25.95,25.44
2257,25.85,26.28,25.72
2258,26.18,26.49,26.23
2259,25.52,26.19,26.11
2260,25.93,26.11,25.5
2261,25.66,26.22,26.16
2262,26.08,26.17,25.44
2263,25.92,26.84,26.43
2264,25.56,25.94,25.8
2265,25.67,26.17,25.64
2266,26.28,26.47,25.86
2267,27.58,27.91,27.52
2268,26.07,27.29,27.26
2269,24.93,26.64,26.15
2270,25.11,25.81,25.15
2271,25.11,25.64,25.25
2272,25.18,25.67,25.45
2273,25.75,25.85,25.23
2274,25.9,26.2,25.85
2275,26.1,26.39,26.03
2276,25.85,26.1,25.98
2277,26.88,27.0,25.88
2278,27.22,27.38,26.87
2279,27.65,27.98,27.51
2280,27.68,27.91,27.63
2281,27.95,28.2,27.75
2282,27.8,28.67,28.35
2283,27.9,28.01,27.73
2284,28.28,28.41,27.97
2285,28.31,28.92,28.23
2286,28.51,29.19,28.93
2287,28.56,28.86,28.46
2288,29.0,29.12,28.8
2289,29.01,29.11,28.93
2290,28.61,29.57,29.07
2291,27.4,28.55,28.24
2292,27.85,27.94,27.12
2293,27.35,28.29,27.89
2294,27.61,27.91,27.71
2295,27.98,28.17,27.49
2296,27.71,28.3,28.3
2297,27.25,27.64,27.54
2298,27.95,28.31,27.31
2299,28.24,28.36,27.8
2300,28.33,28.7,28.32
2301,28.16,28.68,28.31
2302,28.56,28.57,28.18
2303,28.05,28.5,28.44
2304,28.25,28.33,28.05
2305,28.28,28.7,28.47
2306,28.8,29.05,28.25
2307,29.28,29.31,28.76
2308,29.89,29.89,29.46
2309,30.48,30.48,29.99
2310,29.95,30.53,30.4501
2311,29.95,30.26,29.93
2312,30.02,30.13,29.78
2313,29.35,30.06,29.99
2314,29.15,29.55,29.39
2315,29.26,29.39,29.27
2316,29.69,30.14,29.21
2317,29.0,29.86,29.7
2318,29.95,30.23,29.08
2319,29.55,29.62,29.24
2320,28.48,29.49,29.4
2321,28.75,29.21,28.52
2322,28.8,28.9,28.64
2323,29.8,29.835,28.99
2324,30.02,30.39,29.83
2325,31.63,32.1,31.8
2326,30.45,31.46,31.45
2327,30.63,30.7,30.25
2328,30.2,30.6,30.42
2329,29.99,30.1,30.0
2330,29.12,29.34,29.22
2331,28.53,29.05,28.95
2332,28.1,28.48,28.25
2333,28.24,28.31,28.06
2334,28.87,29.01,28.28
2335,28.83,29.4,29.11
2336,28.8125,29.04,28.89
2337,28.94,29.0,28.75
2338,29.55,29.59,29.16
2339,29.13,29.26,29.16
2340,29.06,29.32,29.0
2341,29.57,29.58,29.16
2342,28.83,29.54,29.4999
2343,27.88,28.59,28.38
2344,28.23,28.43,27.91
2345,28.48,28.49,28.05
2346,29.03,29.07,28.56
2347,29.33,29.37,29.14
2348,29.33,29.4,29.17
2349,28.74,29.2215,29.18
2350,29.295,29.59,28.62
2351,28.67,29.4815,29.42
2352,27.3,28.73,28.3
2353,28.72,29.01,27.96
2354,28.54,28.99,28.62
2355,29.43,29.49,28.63
2356,28.4,29.34,29.28
2357,27.83,28.26,28.05
2358,27.34,28.07,27.87
2359,28.06,28.17,27.57
2360,27.75,28.41,28.1199
2361,27.02,27.63,27.59
2362,27.24,27.3901,26.99
2363,27.76,27.83,27.1999
2364,28.02,28.27,27.93
2365,28.19,28.68,28.26
2366,27.74,28.86,28.38
2367,27.65,28.24,27.84
2368,28.24,28.39,27.68
2369,28.62,28.96,28.1
2370,28.15,28.26,28.22
2371,28.8,28.84,28.17
2372,28.31,28.64,28.42
2373,28.88,29.04,28.5
2374,28.62,29.05,28.96
2375,28.43,28.62,28.34
2376,28.52,28.61,28.21
2377,28.29,29.08,28.56
2378,28.34,28.78,28.12
2379,29.28,29.35,28.52
2380,29.91,29.94,29.07
2381,30.49,30.72,30.19
2382,31.06,33.25,30.4498
2383,31.91,32.74,32.6
2384,32.56,32.8,32.2
2385,32.85,32.89,32.6
2386,33.02,33.1,32.72
2387,34.9,35.0,32.94
2388,32.35,33.36,33.25
2389,31.48,32.05,31.93
2390,31.54,32.53,31.99
2391,33.16,34.0,33.01
2392,33.54,33.8,33.11
2393,33.42,33.65,33.23
2394,34.03,34.38,34.0
2395,34.46,34.57,34.39
2396,34.14,34.24,33.91
2397,34.35,34.5,34.33
2398,33.36,34.54,34.44
2399,34.71,34.71,33.45
2400,34.55,34.8,34.61
2401,35.19,35.2,34.38
2402,35.22,35.65,35.37
2403,35.79,35.96,35.22
2404,35.9,35.99,35.6
2405,36.1,36.23,36.12
2406,36.35,36.5501,35.97
2407,36.41,36.64,36.61
2408,36.13,36.72,36.58
2409,35.9,36.0625,36.06
2410,35.29,35.79,35.52
2411,34.69,35.14,34.79
2412,34.64,35.0,34.74
2413,35.03,35.13,34.39
2414,35.05,35.84,35.31
2415,34.48,35.45,35.22
2416,34.61,35.09,34.47
2417,34.73,34.99,34.1
2418,34.64,34.95,34.76
2419,34.61,34.7,34.53
2420,34.26,34.61,34.55
2421,33.14,34.52,34.15
2422,32.74,33.24,32.77
2423,33.5,33.6401,32.92
2424,33.92,34.12,33.6
2425,33.58,33.93,33.59
2426,33.38,33.89,33.7
2427,33.27,33.6,33.06
2428,34.09,34.37,32.97
2429,34.36,34.44,34.11
2430,34.4,34.73,34.23
2431,34.23,34.97,34.58
2432,33.96,34.24,33.96
2433,33.86,34.26,34.09
2434,33.76,34.1,33.76
2435,34.62,34.75,33.93
2436,33.54,34.67,34.46
2437,33.32,33.71,33.38
2438,34.18,34.54,33.73
2439,35.6,35.9,34.74
2440,36.04,36.16,35.52
2441,36.59,36.66,36.41
2442,36.76,37.1,36.73
2443,37.22,37.5,37.06
2444,36.53,37.49,37.06
2445,35.52,37.0,36.81
2446,34.37,35.59,35.57
2447,34.85,35.29,34.57
2448,36.01,36.03,35.03
2449,31.57,32.22,31.99
2450,30.85,31.3,31.25
2451,30.75,31.12,30.9
2452,30.12,30.7,30.51
2453,31.09,31.09,30.17
2454,31.22,31.23,31.16
2455,30.75,31.23,31.08
2456,30.24,30.58,30.32
2457,30.09,30.33,30.04
2458,30.03,30.4,30.17
2459,30.305,30.63,29.91
2460,30.0409,30.37,30.23
2461,30.03,30.39,30.0999
2462,29.66,29.85,29.84
2463,29.9,29.99,29.84
2464,29.57,29.77,29.71
2465,29.71,29.85,29.4525
2466,29.7,29.85,29.7
2467,29.46,29.79,29.7701
2468,29.49,29.69,29.46
2469,29.67,29.72,29.49
2470,29.68,29.85,29.5
2471,29.14,29.56,29.5599
2472,28.81,29.61,29.08
2473,28.7,28.81,28.6499
2474,28.48,28.58,28.4201
2475,28.87,28.91,28.67
2476,28.7,28.965,28.93
2477,28.79,28.88,28.725
2478,28.93,29.11,29.04
2479,29.06,29.26,29.16
2480,28.81,29.17,28.93
2481,28.63,28.95,28.93
2482,28.67,28.75,28.48
2483,28.62,28.83,28.44
2484,28.6,29.01,28.91
2485,28.65,28.73,28.48
2486,28.5,29.1,28.81
2487,28.7,28.92,28.73
2488,28.42,28.93,28.45
2489,28.08,28.61,28.59
2490,28.28,28.49,27.93
2491,28.61,28.77,28.49
2492,28.21,28.84,28.81
2493,28.3,28.33,28.3
2494,28.27,28.32,28.22
2495,28.1,28.32,28.07
2496,28.18,28.4901,28.26
2497,28.09,28.25,28.25
2498,27.88,28.35,27.81
2499,28.14,28.99,28.1
2500,28.77,28.89,28.27
2501,28.94,28.99,28.63
2502,28.9,29.05,28.71
2503,29.64,30.1,29.3
2504,29.72,30.01,30.0
2505,29.33,29.79,29.55
2506,29.075,29.54,29.54
2507,29.45,29.78,28.9601
2508,29.19,29.79,29.52
2509,28.97,29.55,29.3
2510,29.71,29.716,28.99
2511,29.405,29.49,29.4
2512,29.93,30.0,29.3901
2513,30.24,30.53,29.98
2514,30.99,31.3,30.71
2515,31.01,31.48,30.8
2516,31.36,31.52,31.19
2517,31.15,31.2,31.16
2518,31.05,31.84,31.51
2519,30.51,30.97,30.92
2520,30.02,30.88,30.7799
2521,29.76,30.24,30.03
2522,29.94,30.02,29.82
2523,29.56,30.11,30.07
2524,29.24,29.65,29.49
2525,29.7,29.99,29.33
2526,29.86,29.95,29.87
2527,29.91,30.04,29.97
2528,30.05,30.22,29.99
2529,29.785,30.22,30.02
2530,29.67,29.8,29.74
2531,29.87,29.93,29.47
2532,29.86,29.97,29.83
2533,29.36,29.95,29.87
2534,29.55,29.8,29.52
2535,29.47,29.77,29.49
2536,30.0,30.1,29.49
2537,29.975,30.3,30.22
2538,30.44,30.51,30.01
2539,30.48,30.66,30.46
2540,30.69,30.72,30.51
2541,30.86,30.88,30.49
2542,30.35,30.71,30.52
2543,29.97,30.41,30.39
2544,29.96,30.24,29.85
2545,29.94,30.25,30.02
2546,29.58,30.06,30.05
2547,30.02,30.29,29.62
2548,30.37,30.53,30.29
2549,30.62,30.63,30.58
2550,30.42,30.76,30.715
2551,30.79,30.9,30.59
2552,31.12,31.16,30.6901
2553,30.55,31.13,31.11
2554,30.49,30.83,30.79
2555,30.28,30.66,30.48
2556,30.54,30.8,30.17
2557,30.84,30.84,30.58
2558,30.9,30.93,30.69
2559,30.73,31.16,31.05
2560,30.97,30.99,30.83
2561,31.03,31.14,30.98
2562,31.0,31.09,31.07
2563,30.9,31.09,30.9
2564,30.84,30.99,30.97
2565,30.57,30.98,30.89
2566,30.68,30.93,30.58
2567,30.7,30.93,30.7799
2568,30.68,30.94,30.75
2569,30.52,30.7601,30.71
2570,30.68,30.7,30.56
2571,30.6,31.0,30.97
2572,30.39,30.69,30.61
2573,29.94,30.42,30.1925
2574,30.13,30.37,29.94
2575,30.17,30.74,30.12
2576,29.09,29.35,29.1
2577,28.86,29.0001,28.99
2578,28.79,28.96,28.79
2579,28.96,28.99,28.78
2580,28.98,29.1,29.02
2581,28.34,28.89,28.69
2582,28.61,28.67,28.6
2583,28.63,28.89,28.85
2584,28.6,28.75,28.73
2585,28.43,28.7,28.61
2586,28.06,28.62,28.54
2587,28.3,28.57,28.11
2588,28.5,28.64,28.4
2589,28.575,28.72,28.57
2590,28.32,28.65,28.55
2591,28.01,28.78,28.5
2592,27.86,28.06,27.87
2593,27.89,27.93,27.74
2594,27.75,27.95,27.87
2595,27.84,27.845,27.75
2596,27.58,28.0,27.64
2597,28.04,28.16,27.72
2598,27.94,28.22,28.22
2599,28.22,28.27,28.02
2600,28.52,28.55,28.27
2601,27.895,28.52,28.52
2602,27.93,28.16,27.84
2603,27.34,27.83,27.83
2604,27.35,27.48,27.33
2605,27.32,27.47,27.28
2606,26.82,27.4,27.4
2607,27.25,27.4,26.72
2608,27.18,27.48,27.44
2609,27.42,27.48,27.28
2610,27.72,27.85,27.32
2611,27.76,27.9,27.61
2612,27.8,27.94,27.83
2613,27.49,27.91,27.5499
2614,28.02,28.16,27.76
2615,27.82,28.33,28.09
2616,27.95,28.25,28.17
2617,28.71,28.97,27.87
2618,28.96,29.12,29.07
2619,29.22,29.28,28.9
2620,29.305,29.54,29.39
2621,28.75,29.39,29.35
2622,28.63,28.86,28.83
2623,28.905,28.94,28.74
2624,29.58,29.65,29.46
2625,29.17,29.69,29.4
2626,29.04,29.2,29.01
2627,28.89,29.09,28.94
2628,29.35,29.4,28.98
2629,29.24,29.8,29.26
2630,29.64,29.7,29.37
2631,29.59,29.7501,29.51
2632,29.97,30.02,29.61
2633,30.82,30.84,30.19
2634,30.84,30.94,30.56
2635,30.41,31.1,30.86
2636,30.57,30.64,30.48
2637,30.65,30.78,30.53
2638,31.22,31.23,30.6
2639,31.08,31.48,30.45
2640,30.78,31.3,31.09
2641,30.63,30.96,30.74
2642,31.06,31.12,30.72
2643,30.73,31.11,31.11
2644,31.15,31.37,31.0
2645,31.26,31.44,31.1
2646,31.26,31.45,31.16
2647,30.65,31.39,31.21
2648,29.76,30.75,30.7
2649,29.8,29.89,29.66
2650,30.0,30.18,29.96
2651,29.65,30.1,29.93
2652,29.63,29.75,29.64
2653,29.7,29.97,29.81
2654,29.91,30.25,29.86
2655,29.86,30.15,29.86
2656,29.86,30.03,29.98
2657,29.99,30.13,30.02
2658,29.53,30.0,29.99
2659,29.825,29.86,29.64
2660,30.13,30.14,29.98
2661,29.99,30.24,30.09
2662,29.71,30.17,29.99
2663,30.19,30.26,29.89
2664,30.14,30.23,30.19
2665,29.535,30.0801,30.07
2666,29.6,29.6,29.55
2667,29.56,29.63,29.43
2668,29.19,29.75,29.54
2669,28.82,29.4,29.4
2670,28.96,29.07,28.85
2671,29.095,29.13,28.99
2672,29.36,29.4,29.13
2673,29.23,29.52,29.33
2674,29.23,29.3,29.12
2675,29.42,29.57,29.36
2676,29.44,29.78,29.57
2677,29.34,29.42,29.39
2678,29.69,29.74,29.48
2679,29.66,29.84,29.76
2680,29.97,30.0,29.92
2681,29.91,30.0001,29.92
2682,29.52,30.0,29.89
2683,29.31,29.54,29.4
2684,29.135,29.64,29.47
2685,29.125,29.3601,29.12
2686,29.28,29.42,29.2285
2687,29.19,29.46,29.35
2688,29.17,29.29,29.24
2689,29.11,29.4,29.26
2690,28.78,29.23,28.98
2691,28.86,29.0701,28.95
2692,28.77,29.05,28.84
2693,28.85,28.93,28.73
2694,28.71,28.86,28.77
2695,28.78,28.99,28.81
2696,28.66,28.8501,28.71
2697,28.35,28.84,28.53
2698,28.49,28.79,28.34
2699,28.33,28.41,28.35
2700,28.28,28.46,28.31
2701,28.43,28.43,28.28
2702,28.3,28.69,28.45
2703,28.48,28.49,28.43
2704,28.35,28.451,28.29
2705,28.5,28.7001,28.52
2706,28.24,28.51,28.44
2707,28.48,28.6,28.45
2708,28.34,28.69,28.37
2709,27.58,28.29,28.22
2710,27.46,27.67,27.54
2711,27.69,27.75,27.69
2712,27.8,27.93,27.72
2713,27.76,28.0002,27.87
2714,27.92,28.11,27.92
2715,27.39,27.96,27.94
2716,27.37,27.48,27.37
2717,27.32,27.49,27.36
2718,27.35,27.42,27.35
2719,27.47,27.52,27.4
2720,27.18,27.47,27.44
2721,26.91,27.32,27.2
2722,26.81,27.19,26.95
2723,26.83,26.85,26.66
2724,27.24,27.25,26.9
2725,27.01,27.23,27.18
2726,26.74,26.94,26.86
2727,26.74,27.04,26.79
2728,26.58,26.94,26.85
2729,25.99,26.5,26.33
2730,25.82,26.1,25.98
2731,25.9,25.9801,25.93
2732,25.43,25.95,25.91
2733,25.53,25.79,25.6
2734,25.48,25.7,25.43
2735,25.51,25.72,25.61
2736,25.69,25.96,25.61
2737,25.89,25.97,25.84
2738,25.87,25.98,25.7
2739,25.85,25.89,25.8
2740,25.92,25.98,25.84
2741,25.84,26.0,25.95
2742,25.71,26.0,25.85
2743,25.82,25.86,25.74
2744,25.645,25.95,25.67
2745,26.01,26.2501,25.62
2746,25.66,26.13,26.12
2747,25.05,25.8,25.79
2748,24.7,24.75,24.7
2749,24.61,24.73,24.7
2750,24.55,24.65,24.62
2751,24.52,24.6,24.53
2752,24.37,24.45,24.43
2753,24.37,24.6,24.46
2754,24.49,24.64,24.44
2755,24.39,24.52,24.34
2756,24.28,24.48,24.22
2757,24.4,24.4901,24.29
2758,24.185,24.48,24.21
2759,24.12,24.4001,24.3
2760,24.02,24.2001,23.99
2761,24.07,24.42,24.06
2762,24.08,24.28,24.25
2763,24.58,24.6,23.87
2764,24.12,24.53,24.37
2765,24.0,24.29,24.22
2766,24.01,24.1101,24.0
2767,24.08,24.15,23.87
2768,23.435,23.45,22.85
2769,22.82,23.46,23.4
2770,22.59,22.76,22.74
2771,22.29,22.61,22.48
2772,22.28,22.55,22.29
2773,22.37,22.61,22.26
2774,22.79,22.88,22.64
2775,23.37,23.37,23.1
2776,23.43,23.66,23.5
2777,23.39,23.55,23.3
2778,23.45,23.61,23.48
2779,23.48,23.52,23.35
2780,23.53,23.72,23.7
2781,23.54,23.65,23.3
2782,23.32,23.63,23.4702
2783,22.96,23.25,23.16
2784,22.89,23.16,22.86
2785,22.65,22.89,22.82
2786,22.85,22.87,22.5
2787,23.06,23.17,22.88
2788,22.61,23.15,23.08
2789,22.54,22.7601,22.56
2790,22.14,22.6,22.55
2791,21.97,22.28,22.1
2792,22.01,22.1301,22.07
2793,21.59,21.94,21.88
2794,21.73,22.03,21.51
2795,21.95,22.1,21.71
2796,22.15,22.19,22.03
2797,22.03,22.21,22.11
2798,22.15,22.39,22.04
2799,22.55,22.56,22.13
2800,22.72,22.73,22.5
2801,22.87,22.99,22.76
2802,22.74,22.84,22.82
2803,23.26,23.35,22.65
2804,23.55,23.76,23.15
2805,23.77,23.88,23.72
2806,23.57,23.9201,23.74
2807,22.99,23.54,23.5
2808,23.105,23.3801,22.79
2809,22.48,23.02,22.88
2810,22.79,22.9,22.56
2811,22.84,23.14,22.83
2812,22.89,23.0801,22.73
2813,23.16,24.0,23.01
2814,23.1,23.23,23.15
2815,23.15,23.37,23.17
2816,23.71,23.79,23.22
2817,23.67,23.79,23.77
2818,23.75,24.0,23.62
2819,23.85,25.0,23.73
2820,23.66,23.95,23.8
2821,23.35,23.67,23.44
2822,24.0,24.02,23.17
2823,24.5,25.0,24.01
2824,24.33,25.0,24.29
2825,24.26,24.5,24.15
2826,26.98,27.63,27.25
2827,27.07,27.23,27.1
2828,27.09,27.21,27.11
2829,27.06,27.2501,27.11
2830,27.17,27.3901,27.15
2831,27.04,27.19,27.03
2832,27.08,27.19,27.03
2833,26.9,27.5,27.22
2834,27.01,27.05,26.84
2835,27.07,27.2,27.07
2836,27.08,27.2,27.2
2837,27.23,27.32,27.13
2838,27.2,27.44,27.29
2839,27.58,27.72,27.25
2840,27.66,27.72,27.56
2841,27.85,27.941,27.74
2842,27.6,27.8,27.64
2843,27.67,27.73,27.56
2844,27.34,27.541,27.21
2845,27.01,27.39,27.23
2846,26.95,27.2,27.02
2847,27.0,27.21,26.9
2848,27.02,27.3,27.01
2849,26.72,27.21,27.01
2850,27.08,27.1,26.85
2851,27.08,27.5,27.15
2852,27.95,28.22,27.74
2853,27.69,27.99,27.89
2854,27.38,27.66,27.5
2855,27.28,27.48,27.27
2856,27.18,27.4501,27.36
2857,27.0,27.38,27.23
2858,26.979,27.29,27.11
2859,27.06,27.22,27.17
2860,27.21,27.42,27.0
2861,26.97,27.5,27.25
2862,26.87,27.1,27.06
2863,26.92,27.15,26.91
2864,26.8,27.16,26.93
2865,26.99,27.1001,26.97
2866,26.99,27.2,27.14
2867,26.94,27.3,26.87
2868,26.75,27.26,27.05
2869,26.59,26.74,26.63
2870,26.7,26.8901,26.66
2871,26.53,26.86,26.72
2872,26.66,26.72,26.54
2873,26.73,26.81,26.7
2874,26.84,26.9001,26.81
2875,26.63,26.93,26.88
2876,26.44,26.68,26.65
2877,26.61,26.7,26.39
2878,26.63,26.89,26.69
2879,26.95,27.03,26.66
2880,27.08,27.08,26.91
2881,26.95,27.1501,26.94
2882,27.5,27.54,27.17
2883,27.47,27.7,27.54
2884,27.91,27.99,27.68
2885,27.95,28.07,28.04
2886,27.9,28.38,28.15
2887,27.79,28.18,28.0
2888,27.23,27.9501,27.79
2889,26.56,26.72,26.5
2890,26.41,26.57,26.4
2891,26.34,26.4501,26.28
2892,26.41,26.53,26.35
2893,27.01,27.01,26.41
2894,26.87,27.24,27.02
2895,26.74,26.98,26.83
2896,26.9,27.19,26.99
2897,27.03,27.2501,27.19
2898,27.25,27.26,27.14
2899,27.01,27.39,27.29
2900,26.65,27.02,27.0
2901,26.93,27.07,26.86
2902,26.88,27.0,26.91
2903,26.93,27.13,26.99
2904,26.77,27.0801,26.97
2905,26.25,27.001,26.84
2906,26.15,26.31,26.15
2907,26.41,26.5001,26.27
2908,26.51,26.662,26.39
2909,26.68,26.85,26.46
2910,26.52,26.6703,26.64
2911,26.71,26.78,26.59
2912,26.87,26.91,26.73
2913,26.76,26.88,26.86
2914,26.82,26.87,26.83
2915,26.88,27.08,26.9
2916,27.08,27.11,26.92
2917,27.0,27.24,27.09
2918,27.29,27.43,27.1301
2919,27.7,27.75,27.45
2920,27.71,27.83,27.71
2921,27.71,27.81,27.69
2922,27.67,27.75,27.75
2923,27.9,27.921,27.69
2924,27.93,28.02,27.85
2925,27.82,28.1,28.01
2926,27.73,28.101,27.89
2927,27.68,27.7702,27.68
2928,27.77,27.79,27.68
2929,27.79,27.851,27.75
2930,27.8,27.94,27.76
2931,27.91,28.09,27.92
2932,28.06,28.08,27.91
2933,28.07,28.2402,28.16
2934,28.2,28.25,28.07
2935,27.85,28.0003,27.97
2936,27.48,27.88,27.74
2937,27.33,27.54,27.5
2938,27.36,27.44,27.35
2939,27.15,27.3901,27.28
2940,26.94,27.15,27.09
2941,26.98,27.1501,26.96
2942,26.935,27.18,27.0495
2943,26.72,27.081,27.01
2944,26.53,26.71,26.66
2945,26.6,26.64,26.44
2946,25.93,26.5,26.46
2947,25.61,26.1,25.96
2948,25.61,25.8,25.7
2949,25.1,25.6001,25.53
2950,25.22,25.27,24.85
2951,24.97,25.33,25.1101
2952,24.95,25.13,25.03
2953,24.89,25.1,25.1
2954,24.93,25.0,24.78
2955,25.05,25.13,24.79
2956,24.56,25.09,25.09
2957,24.47,24.83,24.57
2958,24.68,24.69,24.53
2959,24.71,24.73,24.67
2960,24.31,25.59,24.59
2961,24.49,24.7,24.3
2962,24.51,24.5501,24.41
2963,24.67,24.68,24.46
2964,24.77,24.8401,24.59
2965,24.66,24.95,24.73
2966,25.04,25.05,24.67
2967,25.36,25.39,24.98
2968,25.71,25.7326,25.5
2969,25.91,25.95,25.73
2970,25.61,26.0,25.94
2971,25.39,25.87,25.67
2972,25.37,25.45,25.34
2973,25.4,25.49,25.27
2974,25.31,25.54,25.27
2975,25.49,25.6,25.34
2976,25.8,25.9,25.49
2977,26.07,26.22,25.84
2978,26.09,26.27,26.0
2979,26.34,26.4,26.07
2980,26.37,26.43,26.27
2981,26.52,26.64,26.31
2982,26.54,26.76,26.48
2983,26.58,26.75,26.61
2984,26.62,26.82,26.58
2985,26.8,26.88,26.61
2986,26.94,27.11,26.85
2987,27.06,27.29,27.0
2988,27.21,27.27,27.02
2989,27.38,27.39,27.2
2990,27.18,27.44,27.38
2991,27.06,27.23,27.18
2992,26.82,27.23,27.15
2993,27.04,27.08,26.97
2994,26.9,27.09,27.03
2995,26.84,27.16,26.81
2996,26.84,27.07,26.87
2997,26.79,27.17,26.91
2998,26.85,26.91,26.72
2999,26.89,27.08,26.82
3000,26.82,27.15,26.95
3001,27.03,27.14,26.74
3002,26.98,27.3008,27.13
3003,27.08,27.14,27.05
3004,26.98,27.3,27.27
3005,27.41,27.5,26.95
3006,27.23,27.51,27.35
3007,27.8,27.84,27.13
3008,27.29,27.94,27.76
3009,27.15,27.5,27.32
3010,26.76,27.43,27.25
3011,25.9,26.901,26.81
3012,25.82,26.05,25.92
3013,25.78,26.0,25.61
3014,25.75,25.85,25.75
3015,25.61,25.8,25.72
3016,25.72,25.74,25.54
3017,25.69,25.9,25.69
3018,25.99,26.34,25.68
3019,26.3,26.48,26.44
3020,26.0,26.23,26.19
3021,25.79,26.25,26.16
3022,25.71,25.79,25.55
3023,26.04,26.1,25.79
3024,25.79,26.1,25.97
3025,25.53,25.75,25.66
3026,25.24,25.62,25.61
3027,25.15,25.38,25.29
3028,24.64,25.1207,25.09
3029,24.58,24.71,24.65
3030,24.97,25.08,24.7
3031,24.66,25.19,24.98
3032,24.85,24.9904,24.71
3033,25.06,25.14,24.84
3034,25.22,25.32,25.09
3035,25.09,25.2,25.07
3036,25.07,25.25,25.05
3037,25.22,25.4,25.04
3038,25.17,25.62,25.31
3039,25.11,25.26,25.07
3040,25.08,25.19,25.15
3041,24.98,25.28,25.11
3042,25.27,25.29,25.04
3043,25.22,25.23,25.04
3044,25.4,25.41,25.26
3045,25.31,25.44,25.36
3046,25.36,25.49,25.31
3047,25.49,25.52,25.43
3048,25.4,25.611,25.51
3049,25.55,25.62,25.4
3050,25.33,25.83,25.51
3051,25.38,25.5,25.37
3052,25.7,25.8102,25.43
3053,25.72,25.86,25.79
3054,25.73,26.0,25.81
3055,25.97,26.03,25.8
3056,25.83,26.09,26.07
3057,25.75,26.0,25.9
3058,25.68,25.77,25.71
3059,25.8,25.88,25.75
3060,25.75,26.07,25.85
3061,25.88,25.92,25.74
3062,25.75,26.05,25.92
3063,25.5,25.84,25.7
3064,25.31,25.5,25.46
3065,25.23,25.5,25.49
3066,25.03,25.38,25.3
3067,24.84,25.11,25.0
3068,24.89,24.97,24.91
3069,25.04,25.08,24.9
3070,25.23,25.33,25.11
3071,25.33,25.48,25.22
3072,25.2,25.33,25.23
3073,25.32,25.4,25.21
3074,25.13,25.4,25.36
3075,25.23,25.36,25.23
3076,24.88,25.3,25.3
3077,24.82,24.92,24.45
3078,24.64,25.15,24.99
3079,24.95,25.25,24.76
3080,25.07,25.28,24.99
3081,25.05,25.25,24.98
3082,24.48,25.39,25.24
3083,24.66,24.7,24.32
3084,24.71,24.8,24.63
3085,24.45,24.84,24.65
3086,24.58,24.9,24.46
3087,25.01,25.14,24.84
3088,25.23,25.45,25.04
3089,24.92,25.35,25.32
3090,25.03,25.11,24.97
3091,25.07,25.25,24.94
3092,24.66,25.13,25.1
3093,24.47,24.94,24.67
3094,24.22,24.5,24.47
3095,24.11,24.26,24.23
3096,24.24,24.35,24.12
3097,24.25,24.3103,24.17
3098,24.03,24.19,24.16
3099,24.14,24.24,23.92
3100,24.4,24.47,24.2
3101,24.26,24.47,24.28
3102,23.99,24.39,24.18
3103,24.19,24.27,23.99
3104,24.35,24.36,24.2
3105,24.53,24.91,24.31
3106,24.64,24.68,24.54
3107,24.82,24.97,24.63
3108,25.1,25.24,24.91
3109,25.08,25.15,25.11
3110,25.45,25.4802,25.09
3111,25.43,25.48,25.43
3112,25.39,25.57,25.31
3113,25.4,25.6202,25.4
3114,25.17,25.79,25.47
3115,25.21,25.3,25.17
3116,25.3,25.31,25.17
3117,25.19,25.48,25.26
3118,25.2,25.41,25.28
3119,25.22,25.37,25.16
3120,25.35,25.38,25.25
3121,25.18,25.4401,25.37
3122,25.24,25.35,25.2
3123,25.24,25.49,25.23
3124,25.64,25.65,25.48
3125,25.71,25.86,25.65
3126,25.87,25.93,25.79
3127,26.0,26.08,25.93
3128,26.0118,26.12,26.01
3129,26.03,26.12,25.97
3130,26.1,26.13,26.06
3131,26.25,26.31,26.07
3132,26.19,26.34,26.24
3133,26.27,26.3,26.16
3134,26.18,26.37,26.32
3135,26.37,26.4,26.18
3136,26.42,26.5,26.46
3137,26.25,26.43,26.39
3138,26.35,26.52,26.28
3139,26.54,26.65,26.18
3140,25.95,26.16,26.11
3141,26.08,26.17,26.01
3142,25.76,26.19,26.02
3143,25.77,26.0,25.67
3144,25.94,26.13,25.65
3145,25.835,26.1,25.86
3146,26.2,26.26,25.98
3147,26.03,26.35,26.32
3148,26.4,26.45,26.12
3149,26.69,26.8,26.27
3150,26.77,26.85,26.78
3151,26.69,26.82,26.73
3152,26.6,26.86,26.8
3153,26.83,26.89,26.67
3154,26.86,27.06,26.75
3155,26.84,27.1,26.78
3156,26.86,27.1,26.84
3157,26.8,26.95,26.74
3158,26.75,26.9,26.72
3159,26.89,26.94,26.76
3160,26.85,27.0,26.9
3161,26.84,27.03,26.95
3162,27.02,27.1,26.85
3163,26.86,27.15,27.01
3164,26.83,27.15,26.97
3165,27.0,27.17,27.07
3166,27.02,27.15,26.95
3167,27.0,27.32,26.96
3168,27.145,27.28,27.16
3169,27.22,27.4,27.11
3170,27.05,27.33,27.23
3171,27.1,27.28,27.25
3172,27.08,27.18,27.08
3173,27.12,27.36,27.23
3174,27.01,27.36,27.36
3175,27.26,27.38,27.07
3176,27.1,27.44,27.33
3177,27.16,27.44,27.23
3178,27.27,27.4,27.09
3179,26.95,27.28,27.25
3180,26.76,27.01,26.81
3181,26.635,26.95,26.77
3182,26.57,26.82,26.6
3183,26.62,26.73,26.64
3184,26.52,26.7,26.53
3185,26.76,26.82,26.65
3186,27.04,27.07,26.86
3187,27.13,27.17,27.07
3188,27.25,27.36,27.17
3189,27.32,27.34,27.12
3190,27.35,27.5,27.39
3191,30.16,30.2,29.97
3192,29.885,30.08,29.98
3193,29.91,30.0,29.73
3194,29.43,29.89,29.77
3195,29.19,29.48,29.28
3196,29.16,29.36,29.31
3197,28.39,29.0,29.0
3198,28.65,28.65,28.47
3199,28.24,28.47,28.24
3200,28.15,28.28,28.08
3201,28.11,28.15,27.97
3202,28.12,28.54,28.01
3203,27.87,28.351,28.15
3204,27.7,27.9,27.9
3205,27.68,27.77,27.63
3206,28.3,28.34,27.74
3207,28.82,28.89,28.56
3208,28.22,28.75,28.699
3209,28.54,28.59,28.18
3210,28.06,28.45,28.41
3211,27.97,28.24,27.99
3212,28.059,28.16,27.8
3213,28.19,28.27,28.03
3214,27.83,28.16,28.03
3215,28.2,28.22,28.06
3216,28.11,28.33,27.99
3217,28.51,28.59,28.17
3218,28.39,28.551,28.53
3219,28.15,28.45,28.38
3220,28.42,28.46,28.12
3221,27.81,28.32,28.25
3222,27.589,27.79,27.65
3223,27.27,27.69,27.58
3224,27.21,27.36,27.27
3225,27.18,27.32,27.19
3226,27.39,27.46,27.29
3227,27.19,27.39,27.35
3228,27.23,27.74,27.12
3229,27.46,27.53,27.26
3230,27.43,27.65,27.51
3231,27.39,27.53,27.51
3232,27.22,27.35,27.26
3233,27.37,27.401,27.19
3234,27.36,27.51,27.44
3235,27.54,27.57,27.25
3236,27.33,27.51,27.49
3237,27.3,27.47,27.28
3238,27.31,27.4692,27.26
3239,27.29,27.38,27.36
3240,27.45,27.62,27.11
3241,27.38,27.68,27.62
3242,27.24,27.52,27.39
3243,27.29,27.32,27.3
3244,27.3,27.39,27.3
3245,27.49,27.65,27.46
3246,27.46,27.6,27.44
3247,27.21,27.67,27.55
3248,27.39,27.46,27.24
3249,27.27,27.33,27.24
3250,27.12,27.37,27.2
3251,27.34,27.45,27.12
3252,26.9,27.5,27.46
3253,27.22,27.38,27.05
3254,27.08,27.2,27.09
3255,27.02,27.251,27.02
3256,27.24,27.31,26.88
3257,27.38,27.51,27.41
3258,27.3,27.75,27.72
3259,27.25,27.28,27.18
3260,27.4,27.86,27.14
3261,28.14,28.21,27.53
3262,28.001,28.2,28.06
3263,28.37,28.42,28.07
3264,28.27,28.55,28.52
3265,28.44,28.81,28.49
3266,28.78,28.8,28.48
3267,28.35,28.79,28.58
3268,28.71,28.76,28.44
3269,28.37,28.71,28.66
3270,28.39,28.4,28.03
3271,29.059,29.3,29.0
3272,29.53,29.89,28.86
3273,28.01,28.48,28.32
3274,27.62,28.26,27.95
3275,28.159,28.2,27.48
3276,28.049,28.2037,27.87
3277,27.4,28.36,28.13
3278,27.91,27.95,27.6
3279,27.69,28.001,27.89
3280,27.78,28.001,27.86
3281,27.88,28.15,27.64
3282,27.701,28.32,28.1
3283,28.32,28.33,28.02
3284,28.609,28.68,28.57
3285,28.69,28.84,28.63
3286,28.56,28.8,28.56
3287,28.19,28.58,28.5
3288,28.63,28.75,28.28
3289,28.47,28.63,28.57
3290,28.49,28.65,28.39
3291,28.0,28.38,28.3
3292,28.15,28.35,28.29
3293,28.23,28.66,28.35
3294,27.74,28.5,28.35
3295,27.31,27.92,27.769
3296,27.34,27.5,27.32
3297,26.98,27.6,27.405
3298,26.56,26.9,26.9
3299,26.38,26.79,26.77
3300,26.41,26.65,26.47
3301,26.29,26.65,26.6
3302,26.02,26.43,26.43
3303,26.04,26.24,25.95
3304,26.05,26.13,25.89
3305,26.13,26.28,26.13
3306,26.12,26.27,26.11
3307,26.16,26.35,26.23
3308,26.15,26.19,26.19
3309,25.989,26.15,26.14
3310,25.7,26.19,26.1
3311,26.04,26.17,25.76
3312,25.94,26.2,25.89
3313,25.749,25.87,25.73
3314,26.04,26.27,25.62
3315,25.7,25.97,25.83
3316,25.48,25.79,25.54
3317,25.98,26.17,25.86
3318,25.82,26.19,26.1
3319,25.87,26.0,25.94
3320,26.1,26.11,25.94
3321,25.64,26.05,25.93
3322,26.031,26.38,25.78
3323,26.16,26.34,26.12
3324,26.32,26.6,26.3
3325,26.355,26.54,26.33
3326,26.21,26.52,26.35
3327,26.59,26.75,26.13
3328,26.51,26.94,26.48
3329,27.05,27.05,26.56
3330,27.15,27.37,27.22
3331,27.46,27.55,27.24
3332,27.4,27.72,27.54
3333,25.509,25.99,25.95
3334,25.37,25.49,25.45
3335,25.65,25.88,25.33
3336,25.08,25.6,25.53
3337,25.32,25.4,25.16
3338,25.58,25.73,25.215
3339,25.4,25.68,25.51
3340,25.679,25.77,25.45
3341,25.48,25.74,25.61
3342,25.8,25.85,25.48
3343,25.73,25.78,25.59
3344,25.76,25.9,25.8
3345,25.8,25.98,25.951
3346,25.47,25.9,25.85
3347,24.95,25.11,25.08
3348,25.19,25.2,24.93
3349,25.19,25.33,25.2
3350,25.24,25.4,25.31
3351,25.11,25.51,25.03
3352,24.6,25.24,25.19
3353,24.36,24.58,24.41
3354,24.63,24.66,24.15
3355,24.53,24.84,24.5
3356,24.84,24.94,24.63
3357,24.96,25.03,24.89
3358,25.25,25.46,25.13
3359,25.27,25.37,25.18
3360,25.33,25.43,25.16
3361,25.38,25.51,25.38
3362,25.2,25.78,25.09
3363,25.66,25.8,25.37
3364,25.77,25.97,25.72
3365,26.31,26.35,25.83
3366,26.23,26.6,26.35
3367,26.37,26.42,26.37
3368,26.35,26.55,26.37
3369,26.63,26.69,26.39
3370,26.65,26.72,26.7
3371,26.48,26.62,26.53
3372,26.63,26.65,26.5
3373,26.89,26.99,26.7
3374,26.6,26.95,26.88
3375,26.75,26.76,26.61
3376,26.65,26.795,26.57
3377,26.9,26.98,26.46
3378,26.92,27.11,26.77
3379,26.7,27.1,26.99
3380,26.98,27.06,26.59
3381,27.09,27.15,26.95
3382,26.95,27.23,27.15
3383,26.86,27.15,27.02
3384,27.18,27.229,26.9
3385,27.0,27.19,27.08
3386,27.06,27.17,26.96
3387,27.15,27.43,27.01
3388,27.42,27.55,27.29
3389,27.63,27.8,27.4
3390,27.85,27.9,27.65
3391,27.78,27.95,27.91
3392,28.28,28.44,27.71
3393,28.6,28.72,28.25
3394,28.49,28.83,28.8
3395,28.27,28.76,28.48
3396,28.37,28.44,28.01
3397,28.13,28.3,28.3
3398,27.99,28.2,28.1
3399,27.74,27.88,27.81
3400,27.55,27.72,27.54
3401,27.51,27.73,27.7
3402,27.54,27.64,27.43
3403,27.67,27.73,27.57
3404,28.03,28.061,27.66
3405,28.39,28.48,28.16
3406,28.17,28.31,28.21
3407,28.19,28.28,28.24
3408,27.73,28.18,28.14
3409,27.58,27.77,27.45
3410,27.42,27.55,27.37
3411,27.41,27.55,27.52
3412,27.21,27.53,27.46
3413,27.05,27.25,27.21
3414,27.14,27.16,27.04
3415,27.17,27.34,27.15
3416,27.16,27.43,27.18
3417,27.49,27.55,27.36
3418,27.1,27.45,27.4
3419,27.04,27.08,27.04
3420,26.83,27.16,27.06
3421,27.05,27.1,26.74
3422,26.69,26.81,26.65
3423,26.59,26.77,26.61
3424,26.45,26.63,26.59
3425,26.44,26.61,26.38
3426,26.12,26.34,26.24
3427,25.96,26.48,25.98
3428,25.72,26.23,26.2
3429,25.82,26.07,25.67
3430,25.95,26.09,25.66
3431,25.9,26.21,25.84
3432,25.5,25.75,25.71
3433,25.61,25.63,25.45
3434,25.87,25.95,25.4
3435,25.33,25.81,25.73
3436,25.33,25.38,25.11
3437,25.17,25.63,25.1
3438,25.29,25.54,25.35
3439,25.33,25.84,25.15
3440,25.39,25.44,25.15
3441,25.7,26.02,25.5
3442,25.86,25.93,25.69
3443,25.85,26.14,25.98
3444,26.01,26.08,25.8
3445,26.12,26.23,26.0
3446,26.38,26.49,26.1
3447,26.26,26.3,26.23
3448,26.15,26.32,26.1
3449,26.59,26.62,26.07
3450,26.35,26.75,26.68
3451,26.37,26.44,26.14
3452,27.01,27.04,26.12
3453,27.16,27.25,26.74
3454,27.09,27.22,27.2
3455,26.91,27.1,26.91
3456,27.27,27.4,26.61
3457,28.72,29.08,28.91
3458,29.03,29.21,28.89
3459,29.35,29.43,29.35
3460,28.95,29.37,29.35
3461,29.28,29.29,28.93
3462,28.91,29.31,29.23
3463,29.2,29.26,29.07
3464,28.66,28.77,28.68
3465,28.98,29.1,28.78
3466,28.91,29.2,28.91
3467,29.22,29.35,28.94
3468,29.36,29.36,28.82
3469,29.01,29.37,29.14
3470,29.15,29.3,29.19
3471,29.16,29.46,29.08
3472,28.45,28.75,28.5
3473,28.03,28.63,28.52
3474,28.59,28.61,27.8
3475,28.41,28.91,28.83
3476,28.27,28.78,28.19
3477,28.47,28.96,28.24
3478,29.61,29.7,28.46
3479,29.12,29.71,29.6
3480,29.39,30.0,29.07
3481,29.76,29.97,29.96
3482,28.49,29.51,29.5
3483,28.76,28.95,28.5
3484,28.41,28.95,28.9
3485,28.37,28.61,28.36
3486,27.48,28.4,28.34
3487,27.66,28.11,27.84
3488,28.03,28.18,27.55
3489,28.65,28.71,28.37
3490,28.39,28.92,28.84
3491,28.23,28.75,28.38
3492,28.1,28.47,28.43
3493,27.42,28.4,28.3
3494,26.7,27.3,27.26
3495,26.46,26.55,26.52
3496,26.5,26.58,26.51
3497,26.51,26.58,26.42
3498,26.31,26.67,26.57
3499,26.31,26.54,26.5
3500,26.78,26.95,26.22
3501,26.65,26.73,26.24
3502,26.3,26.53,26.45
3503,25.85,26.65,26.62
3504,25.56,25.83,25.7
3505,25.61,25.66,25.54
3506,25.66,25.71,25.63
3507,25.79,25.89,25.6
3508,25.71,25.77,25.73
3509,25.61,25.99,25.61
3510,25.88,25.98,25.58
3511,25.72,25.81,25.71
3512,25.54,26.19,25.65
3513,26.31,26.54,25.66
3514,26.15,26.41,26.18
3515,26.33,26.51,26.17
3516,26.6,26.99,26.41
3517,26.46,26.57,26.23
3518,26.88,26.9,26.47
3519,26.94,27.0,26.61
3520,26.28,26.95,26.89
3521,26.78,26.92,26.0
3522,26.42,26.65,26.45
3523,26.28,26.56,26.38
3524,26.87,26.91,26.04
3525,27.11,27.23,26.89
3526,27.14,27.27,26.69
3527,27.56,27.62,27.52
3528,27.47,27.53,27.27
3529,27.63,27.81,27.4
3530,26.95,27.45,27.31
3531,27.25,27.42,26.91
3532,27.56,27.7,27.47
3533,27.26,27.8,27.7
3534,27.02,27.55,27.42
3535,26.69,26.95,26.5
3536,26.5,26.93,26.88
3537,25.59,26.2,26.15
3538,25.94,26.12,25.64
3539,25.95,26.34,25.63
3540,25.39,26.51,25.75
3541,25.64,25.99,25.26
3542,25.65,26.04,25.7
3543,26.14,26.24,25.78
3544,26.34,26.38,26.33
3545,26.09,26.39,26.07
3546,25.98,26.43,26.07
3547,25.64,26.14,25.96
3548,24.8,25.42,25.39
3549,25.2,25.25,24.65
3550,24.97,25.14,24.99
3551,24.67,24.96,24.88
3552,23.94,24.75,24.68
3553,23.72,23.98,23.75
3554,24.44,24.56,23.67
3555,24.47,24.52,24.09
3556,24.99,25.22,24.87
3557,24.75,24.92,24.88
3558,24.98,25.03,24.64
3559,24.73,24.91,24.61
3560,24.47,24.67,24.4
3561,24.78,24.87,24.41
3562,24.25,24.89,24.79
3563,24.2,24.54,24.22
3564,24.2,24.27,24.16
3565,24.63,24.71,24.03
3566,24.86,25.0,24.63
3567,25.4,25.54,24.76
3568,25.88,26.05,25.57
3569,25.85,26.01,25.79
3570,26.08,26.18,25.62
3571,26.04,26.2,25.99
3572,26.15,26.47,26.2
3573,25.9,26.5,26.36
3574,25.75,26.14,25.74
3575,26.11,26.35,25.99
3576,25.86,26.5,26.37
3577,26.25,26.39,25.86
3578,25.65,26.29,26.1
3579,25.54,25.95,25.72
3580,25.73,25.88,25.57
3581,25.95,26.25,25.8
3582,25.39,25.94,25.74
3583,25.33,25.64,25.22
3584,25.48,25.72,25.49
3585,25.75,25.99,25.72
3586,25.06,25.8,25.76
3587,25.61,25.61,25.21
3588,24.77,25.54,25.5
3589,25.6,25.74,24.92
3590,24.68,24.79,24.6
3591,24.27,24.88,24.76
3592,24.89,25.18,24.2
3593,24.71,24.79,24.59
3594,25.61,25.67,24.57
3595,25.31,25.83,25.58
3596,26.23,26.43,25.17
3597,25.76,25.8,25.09
3598,25.99,26.09,25.73
3599,25.1,26.0,25.72
3600,24.46,24.7,24.35
3601,24.25,24.71,24.21
3602,24.67,25.1,24.67
3603,24.94,25.26,25.04
3604,25.46,25.62,25.25
3605,25.6,25.75,25.49
3606,25.55,25.93,25.29
3607,26.75,26.8,26.57
3608,26.02,26.52,26.25
3609,25.98,26.43,26.32
3610,25.89,26.04,26.04
3611,24.52,25.95,25.93
3612,24.68,24.96,24.86
3613,23.72,24.74,24.67
3614,22.81,23.44,23.39
3615,23.06,23.26,22.8
3616,23.31,23.46,22.95
3617,22.95,23.79,23.56
3618,23.17,23.5,23.27
3619,23.07,23.55,23.44
3620,23.58,23.66,23.07
3621,24.02,24.12,23.54
3622,23.74,24.07,23.7
3623,23.9,24.21,23.58
3624,24.07,24.47,23.61
3625,23.54,24.27,24.19
3626,24.44,24.5,24.07
3627,24.29,24.8,24.63
3628,24.77,24.87,24.14
3629,24.82,24.88,24.53
3630,24.62,24.99,24.96
3631,47.25,48.5,48.3
3632,46.41,47.12,46.99
3633,46.55,47.1,46.44
3634,47.3,47.67,46.44
3635,46.8,47.52,47.38
3636,47.88,47.95,46.58
3637,46.86,47.62,47.42
3638,47.83,48.53,46.96
3639,47.8,47.94,47.32
3640,47.93,49.1,48.56
3641,47.45,48.35,47.46
3642,50.16,50.17,48.24
3643,48.73,50.04,49.91
3644,49.69,49.7,48.82
3645,49.32,50.6,49.17
3646,52.03,52.05,49.85
3647,51.95,52.54,52.28
3648,51.59,52.4,51.0
3649,51.87,52.15,51.33
3650,52.94,53.0,51.46
3651,56.32,56.65,55.35
3652,57.0,57.32,56.27
3653,56.33,57.0,56.97
3654,56.52,56.75,56.39
3655,55.1,56.3,55.92
3656,54.72,55.92,55.81
3657,55.37,55.55,54.24
3658,54.92,56.01,55.8
3659,54.02,55.23,54.77
3660,53.59,53.8,53.79
3661,52.3,53.75,53.72
3662,52.74,52.99,51.7
3663,53.01,53.24,52.75
3664,53.28,54.0,52.97
3665,54.03,54.69,53.39
3666,53.54,54.23,53.82
3667,53.05,54.28,54.0
3668,53.49,53.72,53.04
3669,53.25,54.75,53.11
3670,53.84,54.4,53.53
3671,54.42,54.99,54.36
3672,53.0,54.55,54.48
3673,53.68,53.75,52.5
3674,55.0,55.06,54.17
3675,53.85,55.01,54.66
3676,53.56,54.48,54.01
3677,55.0,55.22,53.53
3678,54.87,55.74,55.47
3679,56.95,57.09,55.34
3680,56.13,57.44,56.54
3681,57.28,57.35,56.71
3682,58.65,58.96,57.69
3683,58.43,58.63,57.68
3684,57.6,58.61,58.08
3685,57.64,58.25,56.9
3686,58.06,58.64,58.23
3687,57.45,58.3,58.22
3688,56.98,58.0,57.84
3689,55.01,56.9,56.62
3690,55.55,55.8,54.86
3691,56.95,57.03,55.85
3692,56.6,56.92,56.69
3693,55.99,57.0,56.99
3694,54.24,55.93,55.36
3695,54.1,55.43,54.51
3696,55.07,55.1,53.86
3697,56.0,56.55,55.1
3698,56.2,56.62,56.01
3699,56.99,57.1,57.03
3700,55.78,56.8,56.68
3701,56.75,57.25,56.1
3702,52.43,53.24,53.0
3703,53.19,54.07,53.47
3704,52.2,53.39,53.11
3705,52.15,52.49,52.07
3706,53.4,53.5,51.95
3707,51.25,52.8,52.68
3708,53.36,53.37,51.23
3709,51.43,53.26,53.2
3710,51.43,51.93,51.67
3711,51.97,52.99,52.51
3712,52.6,53.2,53.15
3713,52.28,52.5,50.77
3714,50.39,51.26,50.41
3715,51.26,52.37,52.29
3716,48.25,49.33,49.29
3717,47.36,48.9,48.87
3718,44.0,46.62,46.38
3719,44.23,45.45,43.99
3720,44.75,45.98,44.99
3721,43.81,45.06,44.05
3722,45.39,45.57,43.77
3723,45.3,46.59,44.8
3724,46.1,46.81,45.61
3725,44.32,46.25,46.23
3726,44.87,45.04,43.74
3727,46.04,47.1,45.25
3728,47.11,47.5,46.2
3729,46.4,46.96,46.51
3730,44.83,46.48,45.64
3731,46.6,46.71,45.23
3732,47.71,48.0,47.46
3733,46.68,47.82,47.2
3734,46.72,48.24,47.75
3735,48.67,48.9,47.29
3736,47.6,48.13,47.78
3737,46.9,48.26,47.91
3738,48.15,48.3,47.15
3739,50.23,51.1,48.58
3740,48.54,49.82,49.79
3741,47.25,48.95,48.7
3742,47.75,48.27,47.82
3743,47.5,47.52,45.91
3744,47.45,48.6,48.21
3745,48.52,48.52,47.02
3746,50.14,50.48,49.08
3747,48.89,51.0,50.58
3748,50.48,50.66,49.38
3749,52.33,52.45,50.84
3750,52.5,52.65,52.1
3751,52.66,52.85,52.22
3752,52.85,53.45,53.23
3753,51.56,52.38,52.28
3754,51.38,51.7,51.04
3755,50.04,52.05,52.0
3756,49.43,50.23,50.0
3757,49.96,50.74,49.77
3758,47.25,49.73,49.71
3759,47.99,49.7,47.06
3760,47.61,48.75,48.47
3761,48.15,49.15,48.12
3762,47.11,49.0,48.91
3763,47.0,47.3,47.09
3764,44.9,47.25,45.67
3765,44.29,45.17,43.99
3766,45.51,45.85,44.41
3767,47.58,48.09,45.75
3768,47.61,48.0,47.98
3769,47.55,48.83,48.1
3770,46.85,48.3,48.25
3771,43.74,45.41,45.35
3772,45.45,45.71,42.83
3773,41.75,46.36,46.23
3774,46.49,46.8,43.01
3775,48.95,49.99,47.51
3776,49.87,50.89,49.56
3777,52.06,52.74,51.11
3778,52.52,53.3,52.0
3779,51.31,52.8,51.25
3780,51.39,51.86,51.8
3781,53.37,53.73,51.86
3782,52.04,53.07,52.91
3783,53.69,54.2,52.24
3784,53.31,54.73,53.21
3785,54.41,54.93,52.92
3786,53.09,54.9,54.85
3787,51.24,52.52,51.84
3788,52.38,52.92,51.44
3789,54.12,54.39,52.66
3790,54.55,55.79,54.7
3791,54.6,54.94,54.92
3792,51.05,54.39,54.13
3793,54.7,55.0,52.95
3794,52.09,54.64,54.16
3795,53.4,54.55,52.28
3796,54.37,55.1,54.1
3797,55.47,55.94,54.36
3798,55.53,56.29,55.99
3799,55.66,56.44,55.68
3800,53.15,55.55,55.25
3801,54.84,55.48,54.22
3802,52.58,55.78,55.54
3803,53.24,54.18,52.57
3804,51.65,53.3,52.82
3805,49.89,52.6,51.98
3806,51.5,52.14,51.9
3807,50.43,51.75,51.66
3808,49.5,51.23,49.98
3809,50.99,51.64,49.42
3810,52.9,53.42,50.91
3811,51.64,53.36,52.64
3812,51.65,52.72,52.05
3813,53.59,53.69,52.32
3814,54.14,54.52,53.26
3815,53.7,54.84,54.82
3816,51.87,53.72,53.69
3817,53.95,54.6,52.19
3818,55.5,55.55,54.01
3819,56.21,56.4,56.03
3820,54.71,56.03,55.74
3821,54.49,56.44,54.75
3822,54.4,55.1,54.88
3823,50.45,52.91,52.69
3824,52.53,52.67,50.05
3825,54.4,55.0,52.12
3826,51.27,54.97,54.97
3827,49.18,50.29,49.47
3828,49.44,50.54,48.62
3829,51.26,51.68,49.56
3830,52.64,54.07,51.21
3831,52.16,53.19,52.75
3832,52.1,53.3,52.26
3833,51.47,52.91,52.24
3834,54.07,54.45,51.5
3835,52.9,54.45,53.73
3836,53.85,54.43,53.02
3837,55.7,55.82,53.99
3838,56.52,56.7,55.59
3839,57.44,57.98,57.2
3840,56.79,57.31,56.37
3841,57.95,58.28,56.63
3842,56.4,58.1,57.81
3843,56.0,56.75,55.69
3844,55.15,56.26,55.93
3845,55.89,56.45,54.79
3846,55.12,57.11,56.3
3847,57.33,57.43,54.87
3848,54.3,57.31,57.22
3849,56.89,57.3,55.87
3850,55.98,56.97,56.45
3851,57.44,57.61,56.33
3852,58.9,59.09,57.28
3853,59.83,60.4,60.38
3854,59.95,60.65,60.31
3855,58.8,59.88,59.44
3856,59.1,60.92,59.08
3857,60.48,60.78,59.23
3858,61.05,61.14,60.45
3859,60.21,61.59,61.36
3860,61.4,62.02,60.1
3861,62.18,63.0,62.23
3862,62.74,62.99,62.14
3863,61.0,62.51,62.49
3864,62.14,62.24,61.22
3865,62.08,63.02,62.1
3866,62.52,62.8,62.54
3867,63.51,65.0,64.34
3868,63.63,64.7,63.95
3869,63.67,63.88,62.72
3870,62.91,63.7,63.63
3871,63.0,63.88,63.08
3872,61.24,63.5,63.3
3873,59.05,61.42,61.37
3874,58.78,59.7,58.34
3875,59.07,60.15,58.39
3876,59.1,60.0,58.55
3877,57.94,59.89,59.08
3878,58.05,58.75,57.99
3879,59.72,60.27,58.05
3880,59.4,60.36,59.9
3881,59.91,60.14,58.93
3882,61.7,62.06,60.23
3883,62.0,62.99,61.68
3884,60.26,61.88,61.82
3885,60.49,60.85,60.14
3886,60.01,61.24,61.13
3887,60.12,60.66,60.65
3888,60.3,61.61,59.8
3889,61.61,61.89,60.4
3890,60.8,62.23,61.15
3891,62.4,62.69,61.12
3892,64.15,64.5,62.66
3893,63.06,63.81,63.71
3894,62.45,62.9,62.85
3895,63.9,64.5,62.32
3896,64.23,64.4,63.82
3897,64.19,64.85,63.8
3898,64.1,65.18,64.6
3899,64.05,64.71,63.74
3900,66.61,66.63,64.46
3901,67.1,67.85,66.1
3902,68.53,70.0,69.86
3903,68.85,69.84,67.87
3904,68.66,69.62,69.55
3905,68.3,69.04,68.47
3906,69.52,70.32,68.61
3907,68.48,69.8,69.28
3908,69.72,70.62,68.71
3909,68.69,69.86,69.38
3910,69.75,70.02,68.56
3911,69.25,69.91,68.9
3912,67.11,69.25,69.23
3913,66.65,67.11,67.04
3914,67.84,68.48,66.25
3915,68.23,68.85,67.87
3916,67.98,68.71,67.85
3917,67.42,69.07,67.68
3918,67.72,68.03,67.27
3919,68.01,68.02,67.54
3920,69.15,69.25,66.76
3921,68.62,69.89,69.49
3922,68.92,69.4,69.27
3923,67.17,69.11,68.98
3924,66.02,67.95,67.44
3925,67.13,68.24,66.27
3926,67.16,67.98,67.95
3927,67.66,68.13,67.32
3928,67.52,68.45,67.06
3929,68.25,68.84,67.83
3930,67.98,69.0,68.65
3931,66.49,68.17,68.1
3932,65.0,66.08,66.0
3933,63.83,65.23,64.77
3934,64.66,65.08,64.21
3935,63.12,64.9,64.84
3936,63.17,64.12,62.8
3937,64.79,65.07,63.74
3938,64.99,65.71,65.14
3939,64.38,64.81,64.71
3940,64.36,64.6,64.05
3941,66.45,67.8,65.4
3942,66.25,66.97,66.54
3943,66.36,66.61,65.75
3944,66.1,67.05,66.12
3945,68.23,68.34,65.95
3946,66.8,67.95,67.9
3947,64.7,66.44,65.79
3948,64.34,65.65,65.21
3949,64.46,66.06,64.42
3950,64.22,65.05,64.25
3951,62.7,64.94,64.78
3952,61.86,64.03,63.27
3953,61.93,63.02,61.4
3954,60.08,62.25,61.84
3955,59.3,60.73,58.15
3956,58.92,59.54,58.88
3957,62.1,62.2,59.64
3958,62.32,63.63,62.2
3959,60.61,62.6,62.56
3960,60.5,61.62,61.32
3961,60.47,61.44,60.43
3962,57.9,60.18,60.16
3963,57.4,58.01,57.9
3964,56.34,57.58,56.75
3965,59.12,59.3,56.03
3966,57.87,58.91,58.45
3967,55.9,58.5,58.06
3968,55.7,56.64,56.38
3969,55.76,56.84,56.32
3970,53.6,55.75,55.51
3971,57.5,57.57,54.56
3972,56.8,58.65,58.04
3973,56.16,58.0,57.72
3974,56.92,58.4,56.44
3975,52.48,56.93,56.23
3976,51.63,53.55,53.05
3977,50.94,52.5,51.79
3978,49.62,51.59,51.17
3979,50.1,50.68,49.96
3980,51.51,51.8,50.27
3981,52.27,53.0,51.3
3982,50.65,52.45,52.01
3983,47.92,50.6,49.71
3984,52.35,52.61,50.76
3985,54.46,54.7,53.87
3986,53.41,55.0,54.32
3987,54.02,55.1,52.91
3988,54.92,57.95,57.58
3989,56.11,57.36,55.4
3990,56.56,58.39,56.02
3991,56.18,58.39,57.74
3992,57.19,59.08,56.1
3993,56.85,58.06,57.05
3994,59.04,59.66,56.94
3995,61.05,61.3,60.25
3996,62.34,62.95,60.74
3997,61.9,63.36,62.31
3998,59.6,62.28,62.05
3999,60.67,61.53,59.12
4000,61.13,61.15,60.66
4001,62.7,63.2,60.78
4002,61.66,62.75,62.7
4003,63.78,64.13,61.88
4004,62.84,64.71,64.62
4005,64.71,65.05,63.2
4006,65.75,66.09,64.69
4007,65.24,65.99,65.83
4008,64.77,65.86,65.52
4009,64.98,65.55,65.01
4010,66.51,67.24,64.86
4011,66.04,67.05,66.35
4012,66.53,67.12,66.13
4013,67.3,67.36,66.89
4014,67.21,67.54,67.45
4015,66.8,66.81,66.47
4016,66.01,67.39,66.19
4017,65.65,66.88,65.8
4018,66.05,66.25,65.47
4019,67.12,67.32,66.59
4020,66.26,67.52,67.48
4021,67.0,67.99,66.32
4022,69.24,69.24,67.09
4023,68.03,69.4,69.18
4024,71.22,73.0,72.57
4025,70.6,71.5,70.57
4026,70.66,72.01,71.82
4027,71.45,72.16,71.18
4028,71.4,72.0,71.34
4029,70.7,72.05,71.6
4030,64.21,66.75,66.5
4031,65.9,66.25,64.48
4032,66.2,66.91,65.69
4033,68.3,68.4,66.06
4034,70.22,70.72,68.51
4035,70.3,70.8,70.47
4036,72.05,73.15,70.6
4037,72.6,73.41,73.0
4038,71.55,76.15,72.74
4039,69.86,71.53,71.14
4040,67.82,70.21,70.14
4041,69.1,69.81,68.85
4042,70.0,70.61,68.83
4043,69.15,70.55,69.84
4044,67.14,69.59,69.41
4045,68.21,68.85,67.32
4046,67.95,67.96,66.88
4047,67.51,68.3,68.02
4048,70.22,70.55,68.9
4049,72.05,72.3,70.69
4050,71.02,72.41,72.08
4051,72.85,72.85,72.12
4052,73.7,73.75,73.19
4053,72.12,73.73,73.68
4054,72.89,73.48,72.36
4055,70.76,73.08,72.6
4056,70.55,71.02,70.78
4057,69.6,70.7,70.34
4058,69.49,70.38,69.18
4059,69.56,70.58,69.19
4060,70.8,71.75,70.34
4061,71.66,71.9,70.91
4062,69.94,71.78,71.72
4063,70.39,71.6,69.7
4064,69.45,70.35,70.31
4065,68.05,69.99,68.79
4066,67.69,69.2,68.09
4067,69.1,70.14,68.17
4068,67.7,69.88,69.16
4069,68.74,69.3,68.27
4070,69.13,69.2,68.72
4071,69.96,70.0,69.4
4072,71.13,71.24,70.0
4073,71.24,71.3,70.4
4074,71.75,72.1,72.06
4075,70.83,72.15,71.38
4076,68.0,71.05,70.75
4077,69.25,70.18,68.53
4078,71.0,71.15,69.76
4079,67.66,70.3,70.17
4080,68.53,69.06,67.75
4081,69.53,69.68,67.12
4082,70.07,71.0,69.13
4083,67.57,69.79,69.69
4084,68.2,69.93,67.55
4085,68.11,68.47,68.25
4086,70.3,71.1,69.0
4087,65.81,69.0,68.04
4088,63.39,66.31,65.43
4089,60.52,62.11,61.48
4090,61.4,61.58,60.79
4091,59.56,62.31,62.18
4092,60.65,61.5,60.04
4093,57.95,60.09,59.68
4094,56.57,57.42,57.15
4095,56.38,57.19,56.19
4096,53.75,57.38,56.75
4097,53.38,55.0,51.94
4098,55.31,55.31,53.38
4099,54.81,56.94,55.81
4100,55.75,56.19,54.69
4101,55.38,57.19,55.38
4102,57.38,57.94,55.56
4103,56.06,58.56,58.25
4104,57.13,57.5,56.06
4105,54.94,57.0,56.56
4106,50.56,54.06,54.0
4107,52.25,53.25,50.06
4108,54.56,56.13,52.69
4109,54.5,55.5,54.31
4110,52.5,55.13,54.56
4111,55.31,56.08,53.69
4112,52.5,55.25,54.0
4113,52.19,54.75,54.19
4114,54.69,55.0,51.94
4115,57.94,58.19,56.69
4116,60.31,60.59,59.25
4117,59.88,61.13,60.69
4118,58.63,60.0,59.44
4119,57.25,58.63,57.44
4120,57.5,58.13,56.69
4121,58.56,59.5,59.36
4122,59.56,60.08,59.0
4123,59.38,61.19,59.38
4124,57.63,59.94,59.56
4125,54.44,57.5,56.75
4126,56.31,56.81,55.19
4127,55.25,58.06,56.25
4128,57.38,58.25,55.88
4129,57.0,58.25,57.31
4130,59.0,60.19,58.81
4131,57.63,59.0,58.38
4132,59.63,61.06,58.19
4133,58.81,59.44,58.75
4134,61.31,61.56,59.13
4135,63.75,64.5,62.25
4136,62.0,65.06,64.69
4137,62.06,63.81,62.56
4138,60.75,62.06,61.94
4139,62.5,63.38,60.81
4140,60.81,62.63,62.38
4141,63.0,63.75,61.06
4142,64.5,64.75,63.38
4143,63.56,64.62,64.5
4144,61.0,64.31,64.0
4145,62.75,64.0,61.81
4146,61.0,63.44,62.94
4147,59.75,60.94,60.56
4148,60.75,61.0,60.13
4149,60.0,61.44,61.0
4150,53.69,56.19,55.5
4151,53.63,54.88,52.94
4152,53.38,53.5,52.56
4153,54.88,55.0,53.5
4154,53.0,55.75,55.0
4155,51.0,53.81,52.88
4156,50.0,52.63,51.81
4157,48.94,49.75,48.94
4158,48.5,49.88,49.13
4159,47.81,50.5,48.44
4160,43.19,48.88,47.94
4161,44.13,45.0,43.38
4162,43.94,45.81,43.38
4163,45.13,46.25,44.56
4164,46.13,46.81,46.44
4165,46.88,48.56,46.88
4166,44.75,47.13,46.44
4167,40.75,45.13,43.44
4168,42.81,44.0,41.5
4169,47.44,48.0,44.81
4170,49.0,50.0,47.81
4171,51.05,52.0,49.19
4172,57.94,58.73,55.5
4173,60.5,60.5,57.25
4174,57.81,60.0,58.38
4175,55.5,58.75,58.06
4176,54.63,55.88,54.44
4177,53.44,54.0,53.13
4178,60.0,60.06,56.69
4179,59.19,60.5,59.88
4180,57.25,59.0,56.44
4181,58.06,60.63,56.63
4182,62.0,62.06,57.38
4183,66.81,67.12,65.06
4184,69.37,69.75,67.0
4185,71.44,72.25,70.69
4186,69.0,70.44,69.94
4187,66.06,69.5,68.25
4188,67.37,69.25,67.75
4189,68.12,68.5,67.19
4190,69.44,70.0,69.06
4191,69.44,71.5,68.94
4192,69.06,70.87,70.06
4193,68.0,69.81,68.81
4194,66.69,68.12,66.44
4195,69.94,70.31,67.37
4196,68.5,71.31,70.87
4197,71.12,72.37,69.44
4198,69.75,71.87,70.5
4199,68.69,70.12,69.5
4200,69.25,69.62,68.25
4201,70.37,70.84,70.31
4202,68.5,70.06,69.62
4203,69.0,69.5,68.87
4204,67.5,70.12,69.06
4205,64.69,69.19,67.69
4206,61.0,65.06,64.44
4207,61.94,63.44,61.25
4208,62.63,62.94,61.5
4209,64.62,66.25,62.13
4210,61.31,66.12,65.19
4211,58.44,62.19,61.88
4212,49.63,53.25,51.75
4213,51.88,52.44,50.44
4214,53.5,53.81,50.38
4215,53.88,54.88,53.75
4216,56.31,56.88,54.38
4217,54.0,56.94,55.75
4218,53.94,55.56,54.56
4219,55.63,55.75,54.19
4220,55.81,56.75,55.56
4221,55.5,57.25,55.38
4222,56.38,56.56,55.44
4223,59.56,59.81,56.56
4224,60.5,60.81,59.13
4225,61.0,61.31,60.31
4226,60.81,61.88,61.31
4227,63.44,63.56,60.63
4228,60.94,65.87,62.69
4229,63.25,63.5,61.25
4230,61.13,63.5,63.25
4231,64.0,65.12,64.19
4232,64.87,65.0,64.25
4233,63.63,65.75,65.0
4234,64.25,64.62,63.0
4235,65.44,65.62,64.19
4236,68.69,68.75,65.81
4237,67.56,68.75,68.25
4238,68.75,69.31,68.12
4239,69.12,69.69,68.81
4240,70.37,70.87,69.31
4241,70.0,72.06,70.06
4242,70.06,70.69,69.44
4243,70.0,70.69,70.12
4244,70.0,70.62,70.19
4245,70.87,72.0,69.81
4246,70.69,70.94,70.0
4247,71.19,72.75,70.94
4248,70.19,72.12,71.31
4249,70.69,71.69,70.62
4250,70.62,71.19,71.12
4251,70.81,71.12,70.75
4252,70.81,72.44,71.25
4253,70.69,70.81,70.62
4254,71.12,71.44,71.0
4255,71.12,72.0,71.56
4256,71.87,72.25,71.0
4257,72.0,73.0,71.62
4258,72.31,73.37,72.19
4259,72.44,72.69,72.44
4260,73.81,74.06,72.62
4261,73.75,74.87,74.25
4262,70.06,74.69,74.12
4263,70.19,71.12,70.0
4264,69.44,69.87,69.12
4265,68.19,70.37,70.25
4266,68.56,70.44,69.37
4267,69.94,70.06,68.69
4268,70.19,71.12,69.81
4269,70.94,71.81,69.69
4270,67.87,70.12,69.37
4271,69.06,69.5,67.81
4272,70.81,71.0,69.0
4273,72.06,72.12,70.56
4274,74.75,75.0,72.31
4275,73.44,75.25,74.81
4276,76.06,77.5,73.12
4277,77.62,79.5,78.5
4278,78.25,79.56,78.19
4279,79.5,79.75,78.94
4280,78.81,80.0,79.94
4281,78.25,81.0,80.31
4282,78.81,80.5,79.12
4283,80.69,81.31,79.44
4284,81.27,82.87,82.0
4285,78.87,81.69,80.94
4286,79.87,79.87,78.5
4287,79.69,80.06,80.0
4288,77.06,80.0,80.0
4289,78.25,78.94,77.19
4290,79.0,80.06,78.94
4291,79.25,80.12,78.81
4292,77.5,80.12,79.5
4293,79.94,80.06,77.69
4294,81.37,82.0,79.87
4295,77.0,82.19,80.69
4296,73.87,75.25,74.94
4297,72.56,73.81,73.69
4298,72.62,73.12,72.56
4299,70.81,72.69,72.37
4300,69.81,71.0,70.5
4301,66.75,68.0,67.87
4302,69.0,69.0,66.87
4303,69.62,69.69,68.81
4304,71.56,72.12,68.81
4305,69.25,70.75,70.5
4306,68.19,69.87,69.62
4307,66.02,68.37,66.87
4308,66.0,66.75,66.31
4309,64.37,66.0,64.56
4310,63.64,63.7,62.56
4311,62.44,64.12,63.38
4312,62.06,62.63,61.44
4313,64.56,64.75,61.5
4314,63.13,66.56,65.56
4315,63.88,65.56,63.19
4316,65.12,65.25,64.19
4317,65.37,65.94,65.06
4318,68.06,68.06,66.19
4319,68.87,69.12,67.69
4320,69.56,70.62,69.5
4321,69.0,69.44,69.37
4322,68.44,69.75,68.81
4323,66.62,68.12,67.87
4324,67.75,67.87,66.19
4325,70.19,70.44,67.81
4326,70.94,71.37,69.81
4327,70.25,71.81,71.12
4328,70.31,71.25,70.44
4329,70.37,70.81,70.56
4330,72.81,73.5,69.87
4331,72.87,74.0,73.44
4332,70.75,71.0,69.75
4333,67.44,69.94,69.81
4334,70.0,71.12,68.0
4335,68.75,69.5,69.37
4336,67.25,68.0,66.62
4337,78.62,79.87,78.94
4338,81.44,81.5,78.69
4339,76.5,81.94,80.56
4340,74.25,76.0,75.87
4341,79.12,79.5,74.12
4342,80.87,82.25,79.25
4343,82.12,82.25,79.37
4344,85.12,86.06,83.87
4345,88.62,88.62,86.06
4346,87.0,89.37,89.06
4347,87.87,88.0,86.0
4348,88.25,88.5,86.37
4349,91.56,92.0,88.56
4350,94.44,96.5,90.87
4351,106.0,108.25,106.25
4352,106.19,108.62,103.37
4353,105.19,108.94,107.19
4354,103.62,107.44,104.31
4355,107.77,108.25,104.06
4356,112.62,115.0,111.69
4357,106.81,112.87,111.87
4358,102.81,105.62,103.25
4359,96.75,103.12,102.75
4360,98.75,99.75,97.37
4361,95.25,99.5,99.37
4362,95.94,96.69,95.37
4363,94.56,96.62,95.37
4364,98.62,99.25,95.12
4365,97.62,100.25,98.0
4366,99.56,102.5,101.0
4367,95.31,100.0,100.0
4368,93.81,96.19,95.56
4369,96.12,97.5,92.87
4370,96.0,97.37,90.62
4371,94.75,98.87,96.12
4372,91.81,95.37,93.37
4373,89.62,94.09,90.81
4374,91.75,91.75,89.37
4375,90.25,92.12,91.56
4376,94.69,94.7,91.31
4377,94.25,95.87,94.75
4378,93.5,95.75,94.25
4379,95.12,97.12,93.81
4380,100.0,100.06,95.06
4381,98.5,99.69,99.62
4382,99.25,100.19,97.62
4383,99.75,100.0,98.56
4384,101.23,101.75,99.62
4385,104.87,104.87,99.94
4386,103.89,106.56,106.0
4387,109.44,109.44,104.0
4388,106.44,110.0,109.94
4389,106.81,106.87,106.62
4390,104.37,108.0,106.56
4391,102.06,104.19,103.62
4392,102.44,103.94,100.81
4393,98.5,103.25,102.94
4394,97.62,98.19,97.87
4395,98.12,100.25,98.25
4396,99.89,101.19,98.75
4397,102.44,103.5,99.37
4398,101.0,103.87,102.81
4399,103.8,105.69,101.25
4400,107.0,107.25,103.75
4401,107.06,109.69,106.0
4402,110.5,111.5,107.0
4403,111.81,116.5,115.31
4404,107.19,113.94,112.25
4405,104.37,108.62,107.81
4406,108.5,108.87,105.81
4407,111.5,114.25,109.37
4408,113.44,113.69,112.25
4409,108.62,112.25,111.44
4410,112.19,113.87,110.0
4411,111.12,116.37,113.81
4412,113.56,117.12,112.62
4413,117.37,118.62,116.56
